_id,month,bidding_no,vehicle_class,quota,bids_success,bids_received,premium
1,2010-01-01,1,Category A,1152,1145,1342,18502
2,2010-01-01,1,Category B,687,679,883,19190
3,2010-01-01,1,Category C,173,173,265,19001
4,2010-01-01,1,Category D,373,365,509,889
5,2010-01-01,1,Category E,586,567,1011,19889
6,2010-01-01,2,Category A,1151,1149,1673,20501
7,2010-01-01,2,Category B,717,717,1105,22400
8,2010-01-01,2,Category C,181,173,280,20090
9,2010-01-01,2,Category D,378,378,551,852
10,2010-01-01,2,Category E,588,579,1322,21899
20,2010-02-01,2,Category E,590,587,1255,24229
19,2010-02-01,2,Category D,363,355,472,1001
17,2010-02-01,2,Category B,685,658,956,23889
16,2010-02-01,2,Category A,1148,1148,1493,20340
18,2010-02-01,2,Category C,173,170,285,23501
14,2010-02-01,1,Category D,371,349,525,852
13,2010-02-01,1,Category C,165,162,250,21390
12,2010-02-01,1,Category B,693,690,930,23180
11,2010-02-01,1,Category A,1154,1153,1326,19989
15,2010-02-01,1,Category E,601,596,1069,22401
30,2010-03-01,2,Category E,584,554,1507,42001
29,2010-03-01,2,Category D,371,368,495,1200
28,2010-03-01,2,Category C,168,141,341,32890
27,2010-03-01,2,Category B,711,699,1207,36089
26,2010-03-01,2,Category A,1146,1137,2183,28389
25,2010-03-01,1,Category E,587,575,1184,27590
23,2010-03-01,1,Category C,168,164,257,27001
22,2010-03-01,1,Category B,688,667,1087,26389
21,2010-03-01,1,Category A,1148,1141,1758,20802
24,2010-03-01,1,Category D,385,383,467,1159
37,2010-04-01,2,Category B,561,549,896,40001
40,2010-04-01,2,Category E,390,383,709,43003
39,2010-04-01,2,Category D,339,311,383,1253
38,2010-04-01,2,Category C,203,203,298,35556
36,2010-04-01,2,Category A,706,704,1242,30000
33,2010-04-01,1,Category C,180,167,329,36511
34,2010-04-01,1,Category D,338,334,409,1221
35,2010-04-01,1,Category E,372,328,856,49000
32,2010-04-01,1,Category B,571,571,858,45501
31,2010-04-01,1,Category A,705,597,1379,34001
50,2010-05-01,2,Category E,367,365,608,39000
49,2010-05-01,2,Category D,364,360,468,1312
48,2010-05-01,2,Category C,176,170,296,29389
47,2010-05-01,2,Category B,561,553,715,34600
46,2010-05-01,2,Category A,699,697,1036,27389
44,2010-05-01,1,Category D,340,317,415,1252
43,2010-05-01,1,Category C,189,187,329,32501
42,2010-05-01,1,Category B,550,547,869,38000
41,2010-05-01,1,Category A,806,798,1294,26102
45,2010-05-01,1,Category E,404,403,857,39002
57,2010-06-01,2,Category B,557,554,720,39911
60,2010-06-01,2,Category E,362,359,682,41006
59,2010-06-01,2,Category D,340,339,376,1454
58,2010-06-01,2,Category C,182,175,253,31689
56,2010-06-01,2,Category A,699,697,902,31510
51,2010-06-01,1,Category A,706,704,1107,30051
54,2010-06-01,1,Category D,359,344,504,1452
53,2010-06-01,1,Category C,178,177,273,30189
52,2010-06-01,1,Category B,553,546,779,40002
55,2010-06-01,1,Category E,361,322,639,41000
67,2010-07-01,2,Category B,552,548,890,42889
70,2010-07-01,2,Category E,363,357,725,43565
69,2010-07-01,2,Category D,337,334,372,1290
68,2010-07-01,2,Category C,183,182,285,30601
66,2010-07-01,2,Category A,699,691,967,36162
63,2010-07-01,1,Category C,177,176,277,31389
64,2010-07-01,1,Category D,351,347,476,1320
61,2010-07-01,1,Category A,700,676,893,29501
65,2010-07-01,1,Category E,399,399,660,41010
62,2010-07-01,1,Category B,557,557,671,35909
80,2010-08-01,2,Category E,315,315,583,43501
71,2010-08-01,1,Category A,622,589,786,32104
72,2010-08-01,1,Category B,479,479,662,43334
73,2010-08-01,1,Category C,205,205,284,30112
74,2010-08-01,1,Category D,336,326,384,1301
75,2010-08-01,1,Category E,309,308,594,42901
76,2010-08-01,2,Category A,606,606,975,29000
77,2010-08-01,2,Category B,482,472,683,42810
78,2010-08-01,2,Category C,206,205,275,30002
79,2010-08-01,2,Category D,335,330,369,1251
90,2010-09-01,2,Category E,309,307,520,43290
89,2010-09-01,2,Category D,338,337,364,1452
88,2010-09-01,2,Category C,206,201,271,31001
87,2010-09-01,2,Category B,488,488,648,42501
86,2010-09-01,2,Category A,597,547,993,30001
82,2010-09-01,1,Category B,479,479,757,44129
84,2010-09-01,1,Category D,342,329,453,1502
83,2010-09-01,1,Category C,204,190,291,33000
81,2010-09-01,1,Category A,631,628,775,33089
85,2010-09-01,1,Category E,310,308,460,44001
97,2010-10-01,2,Category B,479,478,766,44600
99,2010-10-01,2,Category D,333,304,430,1689
98,2010-10-01,2,Category C,210,210,287,30511
100,2010-10-01,2,Category E,311,287,455,44900
96,2010-10-01,2,Category A,647,647,817,32415
94,2010-10-01,1,Category D,345,320,422,1502
93,2010-10-01,1,Category C,218,217,287,30889
92,2010-10-01,1,Category B,479,476,630,42801
91,2010-10-01,1,Category A,601,601,722,33132
95,2010-10-01,1,Category E,311,304,518,44090
109,2010-11-01,2,Category D,361,324,424,1502
108,2010-11-01,2,Category C,205,202,241,31202
107,2010-11-01,2,Category B,480,459,709,47890
106,2010-11-01,2,Category A,597,577,833,39000
110,2010-11-01,2,Category E,333,332,634,49890
104,2010-11-01,1,Category D,357,352,414,1452
103,2010-11-01,1,Category C,205,201,270,31006
102,2010-11-01,1,Category B,482,482,718,45501
101,2010-11-01,1,Category A,598,598,843,34001
105,2010-11-01,1,Category E,316,312,497,46001
120,2010-12-01,2,Category E,311,302,463,76102
119,2010-12-01,2,Category D,369,362,406,1551
118,2010-12-01,2,Category C,208,205,300,33501
117,2010-12-01,2,Category B,499,494,872,72001
116,2010-12-01,2,Category A,617,607,755,46129
115,2010-12-01,1,Category E,313,313,674,64900
113,2010-12-01,1,Category C,208,207,294,32001
112,2010-12-01,1,Category B,479,477,1034,62502
111,2010-12-01,1,Category A,598,582,1020,47604
114,2010-12-01,1,Category D,337,329,410,1701
127,2011-01-01,2,Category B,483,482,700,58910
130,2011-01-01,2,Category E,319,312,433,67009
129,2011-01-01,2,Category D,339,335,458,1690
128,2011-01-01,2,Category C,207,196,272,30000
126,2011-01-01,2,Category A,607,606,1091,40123
123,2011-01-01,1,Category C,205,205,294,35111
124,2011-01-01,1,Category D,340,337,398,1503
121,2011-01-01,1,Category A,614,602,1192,38889
125,2011-01-01,1,Category E,309,305,475,75789
122,2011-01-01,1,Category B,481,474,790,69000
140,2011-02-01,2,Category E,336,335,558,62001
131,2011-02-01,1,Category A,523,501,1146,37124
132,2011-02-01,1,Category B,431,431,640,53400
133,2011-02-01,1,Category C,275,275,356,28589
134,2011-02-01,1,Category D,328,328,417,1819
135,2011-02-01,1,Category E,333,326,648,58890
136,2011-02-01,2,Category A,511,494,788,42999
137,2011-02-01,2,Category B,424,423,726,62000
138,2011-02-01,2,Category C,287,282,368,29011
139,2011-02-01,2,Category D,330,294,461,2001
149,2011-03-01,2,Category D,362,362,429,2534
148,2011-03-01,2,Category C,281,279,371,29690
147,2011-03-01,2,Category B,424,424,579,57002
146,2011-03-01,2,Category A,527,472,927,43813
142,2011-03-01,1,Category B,424,423,667,61894
144,2011-03-01,1,Category D,325,310,490,2604
143,2011-03-01,1,Category C,276,276,360,30001
141,2011-03-01,1,Category A,532,530,875,42600
150,2011-03-01,2,Category E,330,330,458,59073
145,2011-03-01,1,Category E,336,324,574,62010
158,2011-04-01,2,Category C,277,269,346,23900
157,2011-04-01,2,Category B,423,422,627,56801
160,2011-04-01,2,Category E,330,329,484,56001
159,2011-04-01,2,Category D,326,326,478,2502
156,2011-04-01,2,Category A,565,552,964,44000
155,2011-04-01,1,Category E,341,340,454,57100
154,2011-04-01,1,Category D,340,335,500,2490
153,2011-04-01,1,Category C,276,275,316,28189
152,2011-04-01,1,Category B,425,410,542,55001
151,2011-04-01,1,Category A,512,511,813,43212
169,2011-05-01,2,Category D,326,324,486,2013
168,2011-05-01,2,Category C,283,279,381,22989
167,2011-05-01,2,Category B,424,424,564,56300
166,2011-05-01,2,Category A,523,521,760,46989
170,2011-05-01,2,Category E,331,322,470,56889
164,2011-05-01,1,Category D,330,328,481,2253
163,2011-05-01,1,Category C,277,277,366,21889
162,2011-05-01,1,Category B,439,439,650,56011
161,2011-05-01,1,Category A,511,511,944,44790
165,2011-05-01,1,Category E,330,321,498,56490
180,2011-06-01,2,Category E,339,334,468,65490
179,2011-06-01,2,Category D,328,322,367,2290
178,2011-06-01,2,Category C,279,270,391,31089
177,2011-06-01,2,Category B,423,410,684,67700
176,2011-06-01,2,Category A,512,512,715,50244
175,2011-06-01,1,Category E,338,295,530,62000
173,2011-06-01,1,Category C,276,276,457,29006
172,2011-06-01,1,Category B,424,403,759,63000
171,2011-06-01,1,Category A,510,506,880,53390
174,2011-06-01,1,Category D,327,327,507,2491
187,2011-07-01,2,Category B,436,436,626,72501
189,2011-07-01,2,Category D,332,332,496,2012
188,2011-07-01,2,Category C,284,281,393,34502
190,2011-07-01,2,Category E,335,328,459,74490
186,2011-07-01,2,Category A,510,501,776,56002
184,2011-07-01,1,Category D,325,323,369,2360
181,2011-07-01,1,Category A,514,497,839,55989
185,2011-07-01,1,Category E,372,342,509,68811
183,2011-07-01,1,Category C,276,276,375,32590
182,2011-07-01,1,Category B,445,444,728,68501
199,2011-08-01,2,Category D,387,382,471,1999
198,2011-08-01,2,Category C,245,237,367,32289
197,2011-08-01,2,Category B,353,353,527,65521
196,2011-08-01,2,Category A,557,557,927,49301
200,2011-08-01,2,Category E,337,335,516,67000
194,2011-08-01,1,Category D,390,390,470,1890
193,2011-08-01,1,Category C,241,239,383,34009
192,2011-08-01,1,Category B,354,349,469,70890
191,2011-08-01,1,Category A,566,566,1034,48801
195,2011-08-01,1,Category E,360,360,488,70117
210,2011-09-01,2,Category E,332,332,449,62502
209,2011-09-01,2,Category D,392,392,492,2109
208,2011-09-01,2,Category C,250,248,325,30089
207,2011-09-01,2,Category B,353,353,469,64889
206,2011-09-01,2,Category A,548,531,951,48006
205,2011-09-01,1,Category E,330,329,466,65589
203,2011-09-01,1,Category C,243,236,328,31900
201,2011-09-01,1,Category A,548,547,794,51000
204,2011-09-01,1,Category D,388,382,532,2339
202,2011-09-01,1,Category B,359,356,496,63002
220,2011-10-01,2,Category E,330,306,518,73600
216,2011-10-01,2,Category A,565,554,873,56112
219,2011-10-01,2,Category D,387,380,486,2091
218,2011-10-01,2,Category C,244,229,354,37011
217,2011-10-01,2,Category B,353,353,633,75889
215,2011-10-01,1,Category E,331,331,452,65058
213,2011-10-01,1,Category C,249,247,348,32801
212,2011-10-01,1,Category B,356,353,524,63600
211,2011-10-01,1,Category A,549,549,793,50289
214,2011-10-01,1,Category D,394,394,486,2078
230,2011-11-01,2,Category E,355,352,496,75889
229,2011-11-01,2,Category D,394,389,469,1889
228,2011-11-01,2,Category C,256,248,335,40189
227,2011-11-01,2,Category B,353,338,518,77340
226,2011-11-01,2,Category A,559,541,756,54887
224,2011-11-01,1,Category D,388,359,429,2012
223,2011-11-01,1,Category C,244,244,365,40803
222,2011-11-01,1,Category B,356,355,551,77000
221,2011-11-01,1,Category A,548,547,766,55997
225,2011-11-01,1,Category E,330,311,507,78001
237,2011-12-01,2,Category B,368,368,464,70003
240,2011-12-01,2,Category E,334,285,521,71000
239,2011-12-01,2,Category D,392,386,456,1481
238,2011-12-01,2,Category C,249,249,361,39589
236,2011-12-01,2,Category A,566,457,878,50001
231,2011-12-01,1,Category A,549,543,781,52392
234,2011-12-01,1,Category D,416,415,451,1902
233,2011-12-01,1,Category C,242,242,334,40009
232,2011-12-01,1,Category B,354,351,474,72350
235,2011-12-01,1,Category E,349,335,489,74340
247,2012-01-01,2,Category B,353,351,537,67889
250,2012-01-01,2,Category E,380,375,538,67101
249,2012-01-01,2,Category D,393,390,517,1552
248,2012-01-01,2,Category C,241,236,405,44001
246,2012-01-01,2,Category A,657,652,903,48112
243,2012-01-01,1,Category C,242,239,357,38699
244,2012-01-01,1,Category D,388,386,434,1682
241,2012-01-01,1,Category A,554,554,901,46889
245,2012-01-01,1,Category E,344,341,530,65700
242,2012-01-01,1,Category B,356,356,511,65801
260,2012-02-01,2,Category E,314,296,507,78000
251,2012-02-01,1,Category A,619,571,1058,52809
252,2012-02-01,1,Category B,350,346,635,73890
253,2012-02-01,1,Category C,162,158,307,49801
254,2012-02-01,1,Category D,412,409,512,1802
255,2012-02-01,1,Category E,312,312,425,73801
256,2012-02-01,2,Category A,624,607,1017,57009
257,2012-02-01,2,Category B,351,348,580,78189
258,2012-02-01,2,Category C,164,149,248,52004
259,2012-02-01,2,Category D,413,389,509,2012
269,2012-03-01,2,Category D,434,433,584,2000
268,2012-03-01,2,Category C,174,174,241,51511
267,2012-03-01,2,Category B,352,352,529,82003
266,2012-03-01,2,Category A,636,626,1067,56501
262,2012-03-01,1,Category B,354,352,626,79304
264,2012-03-01,1,Category D,413,407,474,1490
263,2012-03-01,1,Category C,163,159,247,50009
261,2012-03-01,1,Category A,667,649,912,56551
270,2012-03-01,2,Category E,327,327,449,80101
265,2012-03-01,1,Category E,309,309,492,76881
278,2012-04-01,2,Category C,160,158,261,57589
277,2012-04-01,2,Category B,349,349,563,91000
280,2012-04-01,2,Category E,308,295,447,92010
279,2012-04-01,2,Category D,411,411,526,1924
276,2012-04-01,2,Category A,629,618,1011,64201
275,2012-04-01,1,Category E,309,307,413,84590
274,2012-04-01,1,Category D,416,416,542,1896
273,2012-04-01,1,Category C,163,163,222,53989
272,2012-04-01,1,Category B,352,348,483,83700
271,2012-04-01,1,Category A,637,615,960,58501
290,2012-05-01,2,Category E,321,312,544,86889
288,2012-05-01,2,Category C,162,161,205,57106
287,2012-05-01,2,Category B,349,349,482,85216
286,2012-05-01,2,Category A,630,617,945,58001
289,2012-05-01,2,Category D,410,410,520,1890
284,2012-05-01,1,Category D,410,410,514,2021
283,2012-05-01,1,Category C,159,159,218,58553
282,2012-05-01,1,Category B,354,354,545,92050
281,2012-05-01,1,Category A,641,593,822,62600
285,2012-05-01,1,Category E,311,304,457,88990
300,2012-06-01,2,Category E,317,315,427,84389
291,2012-06-01,1,Category A,668,647,1004,59003
292,2012-06-01,1,Category B,350,342,490,83000
293,2012-06-01,1,Category C,159,155,258,54522
294,2012-06-01,1,Category D,410,368,569,1912
295,2012-06-01,1,Category E,315,311,526,85889
296,2012-06-01,2,Category A,633,577,920,59004
297,2012-06-01,2,Category B,349,346,477,85400
298,2012-06-01,2,Category C,161,158,242,54502
299,2012-06-01,2,Category D,410,393,517,1712
308,2012-07-01,2,Category C,163,162,222,55805
307,2012-07-01,2,Category B,353,352,549,90501
310,2012-07-01,2,Category E,310,306,429,92700
309,2012-07-01,2,Category D,426,425,531,1859
306,2012-07-01,2,Category A,676,669,911,68656
305,2012-07-01,1,Category E,312,295,410,86999
304,2012-07-01,1,Category D,451,442,592,1760
303,2012-07-01,1,Category C,164,161,234,55556
302,2012-07-01,1,Category B,358,358,459,82289
301,2012-07-01,1,Category A,641,613,872,59421
320,2012-08-01,2,Category E,247,238,301,93990
319,2012-08-01,2,Category D,448,444,535,2013
318,2012-08-01,2,Category C,181,178,261,59334
317,2012-08-01,2,Category B,351,351,532,88002
316,2012-08-01,2,Category A,400,391,530,66889
314,2012-08-01,1,Category D,456,453,659,2081
313,2012-08-01,1,Category C,183,180,241,57001
312,2012-08-01,1,Category B,350,345,489,94502
311,2012-08-01,1,Category A,421,415,724,73501
315,2012-08-01,1,Category E,260,258,354,95034
327,2012-09-01,2,Category B,351,349,523,88500
330,2012-09-01,2,Category E,252,245,421,89990
329,2012-09-01,2,Category D,450,434,566,1852
328,2012-09-01,2,Category C,182,181,230,57809
326,2012-09-01,2,Category A,402,402,486,63000
321,2012-09-01,1,Category A,399,391,518,68000
324,2012-09-01,1,Category D,450,450,575,1801
323,2012-09-01,1,Category C,183,177,269,57334
322,2012-09-01,1,Category B,355,355,466,80191
325,2012-09-01,1,Category E,245,245,349,87999
337,2012-10-01,2,Category B,353,353,540,85801
340,2012-10-01,2,Category E,249,233,371,87000
339,2012-10-01,2,Category D,463,462,605,1920
338,2012-10-01,2,Category C,180,180,229,57889
336,2012-10-01,2,Category A,393,390,509,71001
335,2012-10-01,1,Category E,243,242,312,86889
334,2012-10-01,1,Category D,447,413,631,1912
333,2012-10-01,1,Category C,186,185,221,56001
332,2012-10-01,1,Category B,350,350,414,80001
331,2012-10-01,1,Category A,401,399,506,69000
349,2012-11-01,2,Category D,448,441,523,1689
348,2012-11-01,2,Category C,179,177,254,60235
347,2012-11-01,2,Category B,351,342,487,93004
346,2012-11-01,2,Category A,396,393,540,77291
350,2012-11-01,2,Category E,258,250,352,93990
344,2012-11-01,1,Category D,481,478,580,1959
343,2012-11-01,1,Category C,181,180,268,59111
342,2012-11-01,1,Category B,350,350,573,92400
341,2012-11-01,1,Category A,395,393,621,77201
345,2012-11-01,1,Category E,244,241,401,92100
360,2012-12-01,2,Category E,250,241,406,95990
359,2012-12-01,2,Category D,454,440,522,1701
358,2012-12-01,2,Category C,182,178,242,62201
357,2012-12-01,2,Category B,360,360,478,93501
356,2012-12-01,2,Category A,395,378,499,81889
355,2012-12-01,1,Category E,246,233,329,97000
353,2012-12-01,1,Category C,181,168,281,63035
352,2012-12-01,1,Category B,350,337,493,90200
351,2012-12-01,1,Category A,395,378,482,78523
354,2012-12-01,1,Category D,450,435,602,1612
367,2013-01-01,2,Category B,351,351,452,95501
369,2013-01-01,2,Category D,461,461,530,1781
368,2013-01-01,2,Category C,184,184,262,57051
370,2013-01-01,2,Category E,251,248,344,97889
366,2013-01-01,2,Category A,409,409,489,91010
364,2013-01-01,1,Category D,462,462,523,1933
361,2013-01-01,1,Category A,410,409,555,92100
365,2013-01-01,1,Category E,256,256,393,96101
363,2013-01-01,1,Category C,193,188,244,60000
362,2013-01-01,1,Category B,363,363,470,96210
380,2013-02-01,2,Category E,241,200,370,91910
379,2013-02-01,2,Category D,506,469,589,1512
378,2013-02-01,2,Category C,225,225,285,53489
376,2013-02-01,2,Category A,333,329,427,78301
377,2013-02-01,2,Category B,303,299,409,92667
374,2013-02-01,1,Category D,506,502,637,1782
373,2013-02-01,1,Category C,230,230,316,54989
372,2013-02-01,1,Category B,302,278,431,92901
371,2013-02-01,1,Category A,335,333,418,87109
375,2013-02-01,1,Category E,238,221,295,94890
387,2013-03-01,2,Category B,307,300,940,73900
390,2013-03-01,2,Category E,279,277,635,73301
389,2013-03-01,2,Category D,543,543,634,1909
388,2013-03-01,2,Category C,225,225,312,54111
386,2013-03-01,2,Category A,337,337,923,64209
381,2013-03-01,1,Category A,336,329,1180,74689
384,2013-03-01,1,Category D,510,510,669,1895
383,2013-03-01,1,Category C,225,223,374,53900
382,2013-03-01,1,Category B,326,326,1028,58090
385,2013-03-01,1,Category E,255,248,1036,65001
400,2013-04-01,2,Category E,240,227,421,62000
399,2013-04-01,2,Category D,506,505,545,1791
398,2013-04-01,2,Category C,225,218,354,58502
396,2013-04-01,2,Category A,333,333,993,62497
397,2013-04-01,2,Category B,310,281,683,62000
394,2013-04-01,1,Category D,506,412,680,1812
391,2013-04-01,1,Category A,341,339,966,61029
395,2013-04-01,1,Category E,245,244,450,66989
393,2013-04-01,1,Category C,227,227,334,56011
392,2013-04-01,1,Category B,302,287,835,67010
409,2013-05-01,2,Category D,507,459,642,1663
408,2013-05-01,2,Category C,233,232,288,56889
407,2013-05-01,2,Category B,332,329,749,67304
406,2013-05-01,2,Category A,333,324,888,64839
410,2013-05-01,2,Category E,251,239,466,66701
404,2013-05-01,1,Category D,600,595,719,1700
403,2013-05-01,1,Category C,225,223,312,57051
402,2013-05-01,1,Category B,317,317,601,61700
401,2013-05-01,1,Category A,336,329,912,62999
405,2013-05-01,1,Category E,239,238,447,62301
420,2013-06-01,2,Category E,251,250,466,83001
419,2013-06-01,2,Category D,554,534,647,1712
418,2013-06-01,2,Category C,227,221,289,59001
417,2013-06-01,2,Category B,305,304,734,81751
416,2013-06-01,2,Category A,342,341,788,69903
415,2013-06-01,1,Category E,239,189,534,76000
413,2013-06-01,1,Category C,227,226,292,57989
411,2013-06-01,1,Category A,341,336,855,67301
414,2013-06-01,1,Category D,511,479,616,1701
412,2013-06-01,1,Category B,302,274,732,75000
430,2013-07-01,2,Category E,240,237,425,76802
426,2013-07-01,2,Category A,334,332,621,73989
429,2013-07-01,2,Category D,526,516,652,1712
428,2013-07-01,2,Category C,232,226,335,65036
427,2013-07-01,2,Category B,303,301,574,76389
425,2013-07-01,1,Category E,288,284,485,77000
423,2013-07-01,1,Category C,226,226,301,61011
421,2013-07-01,1,Category A,338,328,716,73100
424,2013-07-01,1,Category D,538,536,679,1610
422,2013-07-01,1,Category B,331,325,652,77110
440,2013-08-01,2,Category E,264,264,385,79223
431,2013-08-01,1,Category A,373,371,754,75556
432,2013-08-01,1,Category B,380,373,682,77600
433,2013-08-01,1,Category C,258,257,364,68251
434,2013-08-01,1,Category D,482,481,568,1792
435,2013-08-01,1,Category E,264,261,407,77989
436,2013-08-01,2,Category A,366,360,596,76223
437,2013-08-01,2,Category B,375,371,627,76607
438,2013-08-01,2,Category C,263,257,385,71001
439,2013-08-01,2,Category D,491,449,615,1722
450,2013-09-01,2,Category E,261,253,459,87001
449,2013-09-01,2,Category D,523,521,579,1703
448,2013-09-01,2,Category C,263,257,321,76001
447,2013-09-01,2,Category B,377,368,703,86239
446,2013-09-01,2,Category A,370,361,654,83751
442,2013-09-01,1,Category B,381,378,623,77100
444,2013-09-01,1,Category D,481,481,569,1660
443,2013-09-01,1,Category C,258,254,340,73999
441,2013-09-01,1,Category A,366,365,609,77304
445,2013-09-01,1,Category E,263,181,431,80000
457,2013-10-01,2,Category B,382,376,515,87910
459,2013-10-01,2,Category D,482,481,586,1804
458,2013-10-01,2,Category C,263,262,358,68002
460,2013-10-01,2,Category E,269,264,337,92289
456,2013-10-01,2,Category A,373,373,596,76889
454,2013-10-01,1,Category D,481,475,567,1961
453,2013-10-01,1,Category C,261,261,315,76310
452,2013-10-01,1,Category B,376,373,649,93500
451,2013-10-01,1,Category A,365,361,615,85000
455,2013-10-01,1,Category E,342,330,483,93889
469,2013-11-01,2,Category D,481,437,543,1712
468,2013-11-01,2,Category C,258,252,397,55002
467,2013-11-01,2,Category B,379,375,536,79300
466,2013-11-01,2,Category A,364,361,650,74991
470,2013-11-01,2,Category E,266,259,410,83000
464,2013-11-01,1,Category D,487,487,569,1710
463,2013-11-01,1,Category C,257,256,427,55503
462,2013-11-01,1,Category B,376,376,482,84578
461,2013-11-01,1,Category A,368,368,590,72609
465,2013-11-01,1,Category E,273,270,379,89001
480,2013-12-01,2,Category E,268,268,375,77501
479,2013-12-01,2,Category D,524,501,680,1812
478,2013-12-01,2,Category C,263,256,338,48001
477,2013-12-01,2,Category B,377,357,500,75700
476,2013-12-01,2,Category A,367,363,574,74002
475,2013-12-01,1,Category E,264,264,365,76901
473,2013-12-01,1,Category C,258,257,359,51112
472,2013-12-01,1,Category B,373,360,549,73010
471,2013-12-01,1,Category A,364,364,591,73160
474,2013-12-01,1,Category D,481,473,647,1782
487,2014-01-01,2,Category B,393,388,512,79000
490,2014-01-01,2,Category E,261,259,373,78810
489,2014-01-01,2,Category D,503,503,796,2704
488,2014-01-01,2,Category C,264,249,356,50001
486,2014-01-01,2,Category A,368,364,724,72290
482,2014-01-01,1,Category B,386,377,581,78700
484,2014-01-01,1,Category D,489,487,542,1989
481,2014-01-01,1,Category A,364,361,623,72369
485,2014-01-01,1,Category E,261,244,392,79000
483,2014-01-01,1,Category C,258,252,337,48889
491,2014-02-01,1,Category A,362,356,719,71564
492,2014-02-01,1,Category B,360,360,523,75300
493,2014-02-01,1,Category C,267,264,364,51002
494,2014-02-01,1,Category D,361,353,550,3051
495,2014-02-01,1,Category E,208,205,351,77003
496,2014-02-01,2,Category A,362,358,700,77201
497,2014-02-01,2,Category B,355,353,519,78604
498,2014-02-01,2,Category C,277,273,392,52890
499,2014-02-01,2,Category D,360,359,478,3501
500,2014-02-01,2,Category E,193,191,321,79000
510,2014-03-01,2,Category E,193,192,293,84001
509,2014-03-01,2,Category D,360,355,449,4289
508,2014-03-01,2,Category C,266,256,356,53891
507,2014-03-01,2,Category B,353,352,524,82900
506,2014-03-01,2,Category A,362,360,577,78602
502,2014-03-01,1,Category B,350,337,499,80710
504,2014-03-01,1,Category D,368,340,483,4001
503,2014-03-01,1,Category C,265,262,439,56302
501,2014-03-01,1,Category A,365,356,615,76999
505,2014-03-01,1,Category E,193,185,292,82000
518,2014-04-01,2,Category C,272,266,392,32890
520,2014-04-01,2,Category E,192,192,310,73810
519,2014-04-01,2,Category D,365,350,492,4502
516,2014-04-01,2,Category A,361,357,513,71335
517,2014-04-01,2,Category B,351,349,486,75010
514,2014-04-01,1,Category D,388,388,520,4489
515,2014-04-01,1,Category E,199,197,283,84100
513,2014-04-01,1,Category C,265,261,303,49503
512,2014-04-01,1,Category B,363,363,523,84504
511,2014-04-01,1,Category A,367,360,537,77400
529,2014-05-01,2,Category D,358,316,492,4003
528,2014-05-01,2,Category C,392,386,709,40889
527,2014-05-01,2,Category B,484,477,716,68103
526,2014-05-01,2,Category A,509,506,997,65689
530,2014-05-01,2,Category E,294,285,497,67290
524,2014-05-01,1,Category D,343,340,445,4001
523,2014-05-01,1,Category C,389,389,715,36301
522,2014-05-01,1,Category B,483,472,778,70002
521,2014-05-01,1,Category A,513,512,676,60002
525,2014-05-01,1,Category E,295,295,525,65501
540,2014-06-01,2,Category E,302,276,434,65301
539,2014-06-01,2,Category D,385,381,503,3890
538,2014-06-01,2,Category C,391,385,597,42001
537,2014-06-01,2,Category B,490,475,716,65700
536,2014-06-01,2,Category A,509,506,1040,61899
535,2014-06-01,1,Category E,293,292,465,67334
533,2014-06-01,1,Category C,385,378,617,43001
532,2014-06-01,1,Category B,494,484,807,67304
531,2014-06-01,1,Category A,507,499,1040,63190
534,2014-06-01,1,Category D,346,346,449,4089
548,2014-07-01,2,Category C,391,391,779,52010
550,2014-07-01,2,Category E,319,317,483,65002
549,2014-07-01,2,Category D,347,341,410,4252
546,2014-07-01,2,Category A,509,505,1190,62890
547,2014-07-01,2,Category B,498,497,850,65001
544,2014-07-01,1,Category D,344,343,415,4001
541,2014-07-01,1,Category A,513,511,1075,61990
542,2014-07-01,1,Category B,493,491,812,64889
545,2014-07-01,1,Category E,294,288,441,63001
543,2014-07-01,1,Category C,392,383,653,43390
560,2014-08-01,2,Category E,241,224,358,72810
551,2014-08-01,1,Category A,574,574,1086,64600
552,2014-08-01,1,Category B,507,501,1090,68689
553,2014-08-01,1,Category C,267,267,519,54009
554,2014-08-01,1,Category D,316,315,360,4353
555,2014-08-01,1,Category E,245,243,429,69001
556,2014-08-01,2,Category A,575,574,994,65710
557,2014-08-01,2,Category B,506,502,1137,72990
558,2014-08-01,2,Category C,257,254,427,52390
559,2014-08-01,2,Category D,322,317,361,4354
570,2014-09-01,2,Category E,256,252,395,74801
569,2014-09-01,2,Category D,320,318,394,4504
568,2014-09-01,2,Category C,261,252,437,49889
567,2014-09-01,2,Category B,509,507,785,71990
566,2014-09-01,2,Category A,573,573,792,62000
562,2014-09-01,1,Category B,511,511,909,73010
564,2014-09-01,1,Category D,316,316,382,4453
563,2014-09-01,1,Category C,258,256,429,49901
561,2014-09-01,1,Category A,572,568,813,64841
565,2014-09-01,1,Category E,241,235,385,74403
576,2014-10-01,2,Category A,572,569,1092,63990
579,2014-10-01,2,Category D,317,310,431,4412
578,2014-10-01,2,Category C,267,266,416,61000
577,2014-10-01,2,Category B,507,506,822,72002
580,2014-10-01,2,Category E,242,242,335,72201
575,2014-10-01,1,Category E,245,236,390,72003
573,2014-10-01,1,Category C,259,257,516,57389
572,2014-10-01,1,Category B,505,501,852,72180
571,2014-10-01,1,Category A,575,570,1097,63880
574,2014-10-01,1,Category D,316,316,502,4800
589,2014-11-01,2,Category D,324,322,389,4189
588,2014-11-01,2,Category C,142,134,260,65001
587,2014-11-01,2,Category B,570,560,900,72890
586,2014-11-01,2,Category A,701,694,1144,67889
590,2014-11-01,2,Category E,263,263,382,73900
584,2014-11-01,1,Category D,316,315,380,4290
583,2014-11-01,1,Category C,143,143,257,63701
582,2014-11-01,1,Category B,574,559,832,70890
581,2014-11-01,1,Category A,703,692,1196,64900
585,2014-11-01,1,Category E,272,271,403,71300
600,2014-12-01,2,Category E,264,264,446,73990
599,2014-12-01,2,Category D,319,270,367,4312
598,2014-12-01,2,Category C,149,149,268,52100
597,2014-12-01,2,Category B,579,572,755,74000
596,2014-12-01,2,Category A,705,699,868,65889
595,2014-12-01,1,Category E,265,257,370,76904
593,2014-12-01,1,Category C,141,126,196,60001
592,2014-12-01,1,Category B,584,582,873,74389
591,2014-12-01,1,Category A,709,703,996,67089
594,2014-12-01,1,Category D,318,314,392,4210
608,2015-01-01,2,Category C,140,139,247,55012
610,2015-01-01,2,Category E,264,246,431,76790
609,2015-01-01,2,Category D,366,360,509,4889
605,2015-01-01,1,Category E,272,265,386,75200
607,2015-01-01,2,Category B,576,576,915,76889
606,2015-01-01,2,Category A,705,703,1068,65001
601,2015-01-01,1,Category A,704,698,940,66010
602,2015-01-01,1,Category B,571,570,833,75289
604,2015-01-01,1,Category D,321,319,374,4403
603,2015-01-01,1,Category C,156,155,296,55011
620,2015-02-01,2,Category E,193,193,373,67901
611,2015-02-01,1,Category A,992,991,1295,62002
612,2015-02-01,1,Category B,724,723,959,70890
613,2015-02-01,1,Category C,185,183,311,52101
614,2015-02-01,1,Category D,287,283,384,5504
615,2015-02-01,1,Category E,181,181,288,71921
616,2015-02-01,2,Category A,988,988,1294,57199
617,2015-02-01,2,Category B,722,721,1037,66751
618,2015-02-01,2,Category C,185,185,333,53202
619,2015-02-01,2,Category D,291,290,396,5800
629,2015-03-01,2,Category D,286,286,385,5610
628,2015-03-01,2,Category C,184,175,345,59999
627,2015-03-01,2,Category B,723,717,1354,71889
626,2015-03-01,2,Category A,987,987,2251,64700
622,2015-03-01,1,Category B,723,723,1239,68668
624,2015-03-01,1,Category D,289,288,343,5501
623,2015-03-01,1,Category C,186,183,315,56501
621,2015-03-01,1,Category A,987,986,2120,61410
630,2015-03-01,2,Category E,174,172,290,72100
625,2015-03-01,1,Category E,175,162,322,70500
638,2015-04-01,2,Category C,194,192,284,53001
637,2015-04-01,2,Category B,728,708,1525,78001
640,2015-04-01,2,Category E,176,163,331,79500
639,2015-04-01,2,Category D,285,277,376,6801
636,2015-04-01,2,Category A,987,979,2055,67601
635,2015-04-01,1,Category E,187,165,311,78000
634,2015-04-01,1,Category D,286,278,442,6312
633,2015-04-01,1,Category C,188,183,290,64001
632,2015-04-01,1,Category B,722,716,1661,76612
631,2015-04-01,1,Category A,988,970,2340,67749
650,2015-05-01,2,Category E,283,281,364,78001
649,2015-05-01,2,Category D,334,298,433,6501
648,2015-05-01,2,Category C,370,365,546,52001
647,2015-05-01,2,Category B,948,948,1401,75002
646,2015-05-01,2,Category A,1434,1431,2351,66590
644,2015-05-01,1,Category D,334,321,462,6512
643,2015-05-01,1,Category C,373,370,545,50098
642,2015-05-01,1,Category B,934,934,1631,77600
641,2015-05-01,1,Category A,1444,1438,2891,68589
645,2015-05-01,1,Category E,292,290,445,78004
657,2015-06-01,2,Category B,928,926,1144,71509
660,2015-06-01,2,Category E,272,269,373,74501
659,2015-06-01,2,Category D,363,359,448,6401
658,2015-06-01,2,Category C,373,370,481,50502
656,2015-06-01,2,Category A,1429,1421,1766,61000
651,2015-06-01,1,Category A,1432,1393,1943,66000
654,2015-06-01,1,Category D,339,336,430,6509
653,2015-06-01,1,Category C,371,369,508,50900
652,2015-06-01,1,Category B,929,923,1384,75000
655,2015-06-01,1,Category E,272,267,392,75801
666,2015-07-01,2,Category A,1435,1365,1966,55889
669,2015-07-01,2,Category D,331,320,486,6312
668,2015-07-01,2,Category C,371,371,455,50002
667,2015-07-01,2,Category B,930,929,1218,58109
670,2015-07-01,2,Category E,272,270,441,60101
665,2015-07-01,1,Category E,274,272,411,69001
663,2015-07-01,1,Category C,370,370,476,50001
661,2015-07-01,1,Category A,1466,1464,1891,58700
664,2015-07-01,1,Category D,330,328,425,6508
662,2015-07-01,1,Category B,934,933,1225,65501
680,2015-08-01,2,Category E,363,356,609,61001
671,2015-08-01,1,Category A,1688,1687,2446,56209
672,2015-08-01,1,Category B,1057,1054,1634,60789
673,2015-08-01,1,Category C,183,183,263,49302
674,2015-08-01,1,Category D,356,356,418,6201
675,2015-08-01,1,Category E,363,361,607,57885
676,2015-08-01,2,Category A,1756,1756,2597,57498
677,2015-08-01,2,Category B,1058,1056,1551,62140
678,2015-08-01,2,Category C,182,182,282,46501
679,2015-08-01,2,Category D,366,319,527,6112
690,2015-09-01,2,Category E,368,368,542,61300
689,2015-09-01,2,Category D,402,402,509,6158
688,2015-09-01,2,Category C,182,172,356,45289
687,2015-09-01,2,Category B,1058,1041,1371,60001
686,2015-09-01,2,Category A,1687,1684,2276,55399
682,2015-09-01,1,Category B,1059,1058,1628,62101
684,2015-09-01,1,Category D,355,310,473,6512
683,2015-09-01,1,Category C,182,182,371,46801
681,2015-09-01,1,Category A,1688,1688,2553,57089
685,2015-09-01,1,Category E,363,358,580,61010
697,2015-10-01,2,Category B,1073,1069,1367,59889
699,2015-10-01,2,Category D,355,353,430,6302
698,2015-10-01,2,Category C,192,186,340,42303
700,2015-10-01,2,Category E,361,356,584,60000
696,2015-10-01,2,Category A,1690,1684,2229,57301
694,2015-10-01,1,Category D,400,398,438,6201
693,2015-10-01,1,Category C,182,181,331,44890
692,2015-10-01,1,Category B,1057,1044,1373,58190
691,2015-10-01,1,Category A,1687,1679,2210,56001
695,2015-10-01,1,Category E,366,360,582,58801
709,2015-11-01,2,Category D,329,324,436,6502
708,2015-11-01,2,Category C,247,244,389,45890
707,2015-11-01,2,Category B,1029,1026,1388,61103
706,2015-11-01,2,Category A,1662,1650,2140,59200
710,2015-11-01,2,Category E,365,365,519,62019
704,2015-11-01,1,Category D,329,301,402,5912
703,2015-11-01,1,Category C,241,240,372,43809
702,2015-11-01,1,Category B,1037,1031,1267,57501
701,2015-11-01,1,Category A,1664,1623,2009,56001
705,2015-11-01,1,Category E,367,363,505,60689
720,2015-12-01,2,Category E,360,360,512,57501
719,2015-12-01,2,Category D,332,332,394,6600
718,2015-12-01,2,Category C,244,243,311,46001
717,2015-12-01,2,Category B,1027,1025,1200,55001
716,2015-12-01,2,Category A,1669,1667,1978,54301
715,2015-12-01,1,Category E,364,362,495,60003
713,2015-12-01,1,Category C,241,236,345,48101
712,2015-12-01,1,Category B,1031,1028,1324,60001
711,2015-12-01,1,Category A,1698,1696,2132,56989
714,2015-12-01,1,Category D,355,354,414,6501
730,2016-01-01,2,Category E,360,350,713,51000
729,2016-01-01,2,Category D,327,322,415,6512
728,2016-01-01,2,Category C,242,239,387,46502
727,2016-01-01,2,Category B,1026,1026,1334,50089
726,2016-01-01,2,Category A,1659,1638,3437,51301
725,2016-01-01,1,Category E,362,361,498,55089
723,2016-01-01,1,Category C,246,245,353,42036
721,2016-01-01,1,Category A,1659,1649,2013,45002
724,2016-01-01,1,Category D,328,317,409,6889
722,2016-01-01,1,Category B,1027,1019,1262,54920
731,2016-02-01,1,Category A,2038,2033,2972,46651
732,2016-02-01,1,Category B,1216,1216,1624,38610
733,2016-02-01,1,Category C,164,164,229,45036
734,2016-02-01,1,Category D,368,368,495,6503
735,2016-02-01,1,Category E,446,443,824,44001
736,2016-02-01,2,Category A,2049,2025,2965,43000
737,2016-02-01,2,Category B,1208,1197,2898,46970
738,2016-02-01,2,Category C,165,160,239,45001
739,2016-02-01,2,Category D,362,361,454,6353
740,2016-02-01,2,Category E,456,450,873,45009
750,2016-03-01,2,Category E,452,445,912,46667
749,2016-03-01,2,Category D,357,356,429,6589
748,2016-03-01,2,Category C,167,166,226,46502
747,2016-03-01,2,Category B,1220,1218,2491,46502
746,2016-03-01,2,Category A,2053,2020,3836,45504
742,2016-03-01,1,Category B,1209,1200,2706,47604
744,2016-03-01,1,Category D,357,356,430,6503
743,2016-03-01,1,Category C,162,160,259,48890
741,2016-03-01,1,Category A,2033,1957,3518,45000
745,2016-03-01,1,Category E,449,312,951,48002
758,2016-04-01,2,Category C,163,162,241,43002
760,2016-04-01,2,Category E,453,433,834,49501
759,2016-04-01,2,Category D,357,341,437,6501
756,2016-04-01,2,Category A,2062,2061,3327,47300
757,2016-04-01,2,Category B,1211,1136,2364,49602
754,2016-04-01,1,Category D,357,356,455,6503
755,2016-04-01,1,Category E,583,346,1397,47510
753,2016-04-01,1,Category C,164,161,235,44213
752,2016-04-01,1,Category B,1218,1218,2247,47000
751,2016-04-01,1,Category A,2105,2103,3719,46009
769,2016-05-01,2,Category D,414,389,500,6303
768,2016-05-01,2,Category C,229,229,355,43002
767,2016-05-01,2,Category B,1537,1536,2322,49156
766,2016-05-01,2,Category A,2217,2182,3227,47020
770,2016-05-01,2,Category E,534,510,815,49700
764,2016-05-01,1,Category D,399,389,519,6302
763,2016-05-01,1,Category C,232,232,324,42302
762,2016-05-01,1,Category B,1462,1454,2435,51010
761,2016-05-01,1,Category A,2218,2217,3446,47889
765,2016-05-01,1,Category E,750,728,1380,49000
780,2016-06-01,2,Category E,538,531,1009,57390
779,2016-06-01,2,Category D,422,389,495,6303
778,2016-06-01,2,Category C,228,226,342,48002
777,2016-06-01,2,Category B,1463,1462,2914,57010
776,2016-06-01,2,Category A,2252,2197,3957,55200
775,2016-06-01,1,Category E,536,533,860,55100
773,2016-06-01,1,Category C,228,219,347,46434
772,2016-06-01,1,Category B,1470,1463,3436,56000
771,2016-06-01,1,Category A,2218,2213,4545,53694
774,2016-06-01,1,Category D,407,395,529,6302
788,2016-07-01,2,Category C,230,225,344,49890
790,2016-07-01,2,Category E,521,500,821,57501
789,2016-07-01,2,Category D,430,424,586,6302
787,2016-07-01,2,Category B,1463,1463,2439,57508
786,2016-07-01,2,Category A,2272,2246,3195,53000
785,2016-07-01,1,Category E,517,517,750,56002
784,2016-07-01,1,Category D,409,365,525,6012
783,2016-07-01,1,Category C,237,235,310,47889
782,2016-07-01,1,Category B,1469,1469,2547,56089
781,2016-07-01,1,Category A,2222,2212,3194,52301
799,2016-08-01,2,Category D,365,321,541,6352
798,2016-08-01,2,Category C,180,178,236,48001
797,2016-08-01,2,Category B,1336,1334,2088,56500
796,2016-08-01,2,Category A,2034,2034,2803,53334
800,2016-08-01,2,Category E,450,450,618,56956
794,2016-08-01,1,Category D,403,400,558,6206
793,2016-08-01,1,Category C,177,177,245,48302
792,2016-08-01,1,Category B,1336,1300,2156,57903
791,2016-08-01,1,Category A,2018,1959,2712,52503
795,2016-08-01,1,Category E,429,400,610,58201
810,2016-09-01,2,Category E,429,429,592,55201
809,2016-09-01,2,Category D,403,402,478,6501
808,2016-09-01,2,Category C,177,165,237,49890
807,2016-09-01,2,Category B,1338,1334,2017,55501
806,2016-09-01,2,Category A,2008,1993,2610,50000
805,2016-09-01,1,Category E,458,450,723,56889
803,2016-09-01,1,Category C,175,175,260,49801
802,2016-09-01,1,Category B,1372,1358,2183,57002
801,2016-09-01,1,Category A,2067,2011,2739,51506
804,2016-09-01,1,Category D,362,334,521,6452
817,2016-10-01,2,Category B,1340,1329,1768,56410
820,2016-10-01,2,Category E,429,428,678,56340
819,2016-10-01,2,Category D,360,356,430,6354
818,2016-10-01,2,Category C,188,187,252,45589
815,2016-10-01,1,Category E,436,435,642,54200
813,2016-10-01,1,Category C,176,172,232,48702
814,2016-10-01,1,Category D,387,359,498,6353
812,2016-10-01,1,Category B,1350,1246,1785,53001
811,2016-10-01,1,Category A,2064,1979,2938,51507
816,2016-10-01,2,Category A,2023,2021,2584,50991
830,2016-11-01,2,Category E,401,397,531,54901
828,2016-11-01,2,Category C,182,181,286,49002
827,2016-11-01,2,Category B,1254,1253,1708,53001
826,2016-11-01,2,Category A,1846,1846,2536,50951
829,2016-11-01,2,Category D,375,331,520,6212
824,2016-11-01,1,Category D,399,396,457,6311
823,2016-11-01,1,Category C,185,181,283,48001
822,2016-11-01,1,Category B,1347,1345,2012,56206
821,2016-11-01,1,Category A,1929,1929,2800,52668
825,2016-11-01,1,Category E,401,388,641,56000
840,2016-12-01,2,Category E,404,404,668,50389
831,2016-12-01,1,Category A,1844,1812,2335,48000
832,2016-12-01,1,Category B,1245,1237,1494,46229
833,2016-12-01,1,Category C,185,183,262,51209
834,2016-12-01,1,Category D,374,368,436,6113
835,2016-12-01,1,Category E,413,411,643,50010
836,2016-12-01,2,Category A,1844,1843,2554,49751
837,2016-12-01,2,Category B,1244,1242,2052,51109
838,2016-12-01,2,Category C,182,176,274,49500
839,2016-12-01,2,Category D,415,408,484,6101
847,2017-01-01,2,Category B,1246,1226,1967,52807
846,2017-01-01,2,Category A,1846,1766,2437,50889
849,2017-01-01,2,Category D,377,331,412,6052
848,2017-01-01,2,Category C,186,173,254,47001
850,2017-01-01,2,Category E,400,381,662,52600
845,2017-01-01,1,Category E,401,394,648,53001
843,2017-01-01,1,Category C,183,180,271,46302
841,2017-01-01,1,Category A,1877,1870,2260,50101
844,2017-01-01,1,Category D,376,374,438,6053
842,2017-01-01,1,Category B,1252,1243,1835,53106
851,2017-02-01,1,Category A,2060,2051,2691,48401
852,2017-02-01,1,Category B,1366,1352,1783,48209
853,2017-02-01,1,Category C,164,155,268,48901
854,2017-02-01,1,Category D,348,326,534,6412
855,2017-02-01,1,Category E,488,488,805,48556
856,2017-02-01,2,Category A,2133,2089,2926,49430
857,2017-02-01,2,Category B,1377,1377,2126,50621
858,2017-02-01,2,Category C,174,171,249,49810
859,2017-02-01,2,Category D,392,384,753,6801
860,2017-02-01,2,Category E,500,483,800,51000
870,2017-03-01,2,Category E,499,499,783,54501
869,2017-03-01,2,Category D,355,354,453,8081
868,2017-03-01,2,Category C,164,163,251,47036
867,2017-03-01,2,Category B,1357,1345,2081,54000
866,2017-03-01,2,Category A,2096,2096,2961,51765
862,2017-03-01,1,Category B,1371,1368,2298,53300
864,2017-03-01,1,Category D,368,359,546,7483
863,2017-03-01,1,Category C,170,170,216,49002
861,2017-03-01,1,Category A,2061,2045,3190,50789
865,2017-03-01,1,Category E,482,478,763,53001
878,2017-04-01,2,Category C,163,162,509,26501
880,2017-04-01,2,Category E,482,477,712,54616
879,2017-04-01,2,Category D,347,325,512,6712
877,2017-04-01,2,Category B,1369,1365,2000,54406
876,2017-04-01,2,Category A,2052,2030,2442,51600
874,2017-04-01,1,Category D,355,354,482,7589
873,2017-04-01,1,Category C,162,162,351,45906
872,2017-04-01,1,Category B,1360,1360,1970,54405
871,2017-04-01,1,Category A,2068,2061,2486,52000
875,2017-04-01,1,Category E,486,485,748,54556
890,2017-05-01,2,Category E,532,506,731,52000
889,2017-05-01,2,Category D,476,470,602,6101
887,2017-05-01,2,Category B,1325,1325,1725,53001
886,2017-05-01,2,Category A,1920,1913,2601,46489
888,2017-05-01,2,Category C,1085,1084,2492,30600
884,2017-05-01,1,Category D,455,433,567,6301
883,2017-05-01,1,Category C,1084,1078,2586,26029
882,2017-05-01,1,Category B,1320,1316,1996,55414
881,2017-05-01,1,Category A,1905,1905,2240,51106
885,2017-05-01,1,Category E,529,528,755,55000
900,2017-06-01,2,Category E,553,519,925,48001
891,2017-06-01,1,Category A,1898,1893,2245,45201
892,2017-06-01,1,Category B,1325,1324,1582,50110
893,2017-06-01,1,Category C,1091,1087,2309,38501
894,2017-06-01,1,Category D,476,455,743,6101
895,2017-06-01,1,Category E,528,528,878,50526
896,2017-06-01,2,Category A,1906,1898,2302,42801
897,2017-06-01,2,Category B,1321,1320,1651,47501
898,2017-06-01,2,Category C,1086,1085,2125,36879
899,2017-06-01,2,Category D,459,360,931,6001
907,2017-07-01,2,Category B,1322,1314,1784,50001
906,2017-07-01,2,Category A,1907,1905,2389,44002
909,2017-07-01,2,Category D,552,424,1044,5851
908,2017-07-01,2,Category C,1085,1084,1943,42809
910,2017-07-01,2,Category E,562,516,941,50101
905,2017-07-01,1,Category E,528,521,872,49899
903,2017-07-01,1,Category C,1088,1078,2189,40212
901,2017-07-01,1,Category A,1904,1902,2296,42801
904,2017-07-01,1,Category D,474,377,819,6001
902,2017-07-01,1,Category B,1322,1321,1910,49802
911,2017-08-01,1,Category A,1817,1812,2403,46778
912,2017-08-01,1,Category B,1286,1281,1978,53711
913,2017-08-01,1,Category C,454,445,742,42801
914,2017-08-01,1,Category D,574,508,879,5701
915,2017-08-01,1,Category E,547,545,822,52751
916,2017-08-01,2,Category A,1817,1817,2148,42900
917,2017-08-01,2,Category B,1293,1290,1683,51000
918,2017-08-01,2,Category C,445,436,836,42004
919,2017-08-01,2,Category D,605,588,1069,3512
920,2017-08-01,2,Category E,586,562,781,50000
922,2017-09-01,1,Category B,1290,1290,1704,49000
930,2017-09-01,2,Category E,565,563,905,49012
929,2017-09-01,2,Category D,494,493,727,5501
928,2017-09-01,2,Category C,453,453,706,46890
927,2017-09-01,2,Category B,1288,1288,1859,49189
921,2017-09-01,1,Category A,1820,1806,2195,36001
925,2017-09-01,1,Category E,543,543,805,48005
924,2017-09-01,1,Category D,543,535,871,5402
923,2017-09-01,1,Category C,453,406,695,43002
926,2017-09-01,2,Category A,1815,1815,3469,42902
936,2017-10-01,2,Category A,1815,1809,2391,41617
939,2017-10-01,2,Category D,478,449,687,4903
938,2017-10-01,2,Category C,445,443,611,51890
937,2017-10-01,2,Category B,1285,1277,1718,49996
940,2017-10-01,2,Category E,542,539,809,52000
935,2017-10-01,1,Category E,540,528,869,49000
933,2017-10-01,1,Category C,492,492,723,48902
932,2017-10-01,1,Category B,1285,1284,1646,48109
931,2017-10-01,1,Category A,1829,1827,2808,41761
934,2017-10-01,1,Category D,485,484,721,5010
949,2017-11-01,2,Category D,538,533,708,5992
948,2017-11-01,2,Category C,244,241,356,57701
947,2017-11-01,2,Category B,1383,1383,2173,57390
946,2017-11-01,2,Category A,1686,1679,2721,46791
950,2017-11-01,2,Category E,516,498,844,57501
944,2017-11-01,1,Category D,509,502,683,5502
943,2017-11-01,1,Category C,242,200,375,58036
942,2017-11-01,1,Category B,1376,1375,2515,57414
941,2017-11-01,1,Category A,1683,1683,3430,47112
945,2017-11-01,1,Category E,524,495,867,57000
960,2017-12-01,2,Category E,531,529,1003,48011
959,2017-12-01,2,Category D,514,458,743,7501
958,2017-12-01,2,Category C,246,232,482,45112
957,2017-12-01,2,Category B,1374,1367,1634,47002
956,2017-12-01,2,Category A,1687,1654,1970,38200
955,2017-12-01,1,Category E,542,537,831,54334
953,2017-12-01,1,Category C,285,279,454,42000
952,2017-12-01,1,Category B,1375,1375,1805,53711
951,2017-12-01,1,Category A,1680,1667,2158,42339
954,2017-12-01,1,Category D,516,500,791,6552
967,2018-01-01,2,Category B,1381,1380,1654,42661
970,2018-01-01,2,Category E,515,495,817,44000
969,2018-01-01,2,Category D,565,500,786,8001
966,2018-01-01,2,Category A,1713,1708,1938,36890
968,2018-01-01,2,Category C,257,247,399,39000
964,2018-01-01,1,Category D,525,413,919,7701
963,2018-01-01,1,Category C,249,247,458,40101
965,2018-01-01,1,Category E,518,518,923,47390
962,2018-01-01,1,Category B,1374,1368,1811,45289
961,2018-01-01,1,Category A,1693,1693,2264,41400
979,2018-02-01,2,Category D,577,568,1073,7667
978,2018-02-01,2,Category C,257,256,489,36859
977,2018-02-01,2,Category B,1391,1379,1744,39000
976,2018-02-01,2,Category A,1562,1561,2073,36810
980,2018-02-01,2,Category E,586,581,1216,38801
974,2018-02-01,1,Category D,624,608,933,8451
973,2018-02-01,1,Category C,249,249,486,38303
972,2018-02-01,1,Category B,1396,1396,1831,42322
971,2018-02-01,1,Category A,1557,1534,2389,40000
975,2018-02-01,1,Category E,566,562,790,39903
990,2018-03-01,2,Category E,571,564,977,38000
989,2018-03-01,2,Category D,522,517,803,7602
988,2018-03-01,2,Category C,247,234,378,35001
987,2018-03-01,2,Category B,1402,1374,1639,37010
986,2018-03-01,2,Category A,1559,1551,2117,38000
985,2018-03-01,1,Category E,571,525,967,39000
983,2018-03-01,1,Category C,247,202,446,36003
982,2018-03-01,1,Category B,1390,1390,1731,39001
981,2018-03-01,1,Category A,1580,1572,2405,38830
984,2018-03-01,1,Category D,528,525,885,8009
997,2018-04-01,2,Category B,1417,1414,1919,37330
1000,2018-04-01,2,Category E,573,571,1027,38389
999,2018-04-01,2,Category D,518,515,727,7115
998,2018-04-01,2,Category C,260,181,461,34202
996,2018-04-01,2,Category A,1566,1566,2027,38510
995,2018-04-01,1,Category E,612,604,967,38039
994,2018-04-01,1,Category D,516,483,953,7114
993,2018-04-01,1,Category C,292,290,500,34001
992,2018-04-01,1,Category B,1389,1388,1689,37605
991,2018-04-01,1,Category A,1566,1564,1888,37000
1010,2018-05-01,2,Category E,558,533,836,38700
1009,2018-05-01,2,Category D,529,529,898,7115
1008,2018-05-01,2,Category C,385,382,786,29901
1007,2018-05-01,2,Category B,1283,1247,1915,37989
1006,2018-05-01,2,Category A,1434,1422,1805,38001
1004,2018-05-01,1,Category D,560,515,1171,7204
1003,2018-05-01,1,Category C,308,188,611,33190
1002,2018-05-01,1,Category B,1280,1267,2155,38501
1001,2018-05-01,1,Category A,1435,1428,1836,38941
1005,2018-05-01,1,Category E,565,562,1008,38600
1017,2018-06-01,2,Category B,1316,1311,1729,33900
1020,2018-06-01,2,Category E,581,580,868,34400
1019,2018-06-01,2,Category D,527,517,771,6889
1018,2018-06-01,2,Category C,308,293,548,32001
1016,2018-06-01,2,Category A,1446,1437,1818,34110
1011,2018-06-01,1,Category A,1441,1440,1696,36426
1014,2018-06-01,1,Category D,572,487,828,7001
1013,2018-06-01,1,Category C,425,417,685,29902
1012,2018-06-01,1,Category B,1293,1285,1727,36000
1015,2018-06-01,1,Category E,559,525,927,37000
1027,2018-07-01,2,Category B,1285,1278,1919,32551
1030,2018-07-01,2,Category E,558,558,1082,32809
1029,2018-07-01,2,Category D,537,533,772,6189
1028,2018-07-01,2,Category C,320,249,538,30889
1026,2018-07-01,2,Category A,1443,1412,3100,32699
1025,2018-07-01,1,Category E,591,582,975,31001
1024,2018-07-01,1,Category D,612,587,807,6514
1023,2018-07-01,1,Category C,313,272,535,31092
1022,2018-07-01,1,Category B,1288,1288,1637,31000
1021,2018-07-01,1,Category A,1435,1427,1626,25000
1039,2018-08-01,2,Category D,824,823,1176,4889
1038,2018-08-01,2,Category C,409,204,635,29902
1037,2018-08-01,2,Category B,1272,1259,2031,32429
1036,2018-08-01,2,Category A,1695,1695,2948,31997
1040,2018-08-01,2,Category E,527,525,927,32311
1034,2018-08-01,1,Category D,845,791,1208,5514
1033,2018-08-01,1,Category C,379,330,549,30389
1032,2018-08-01,1,Category B,1265,1256,2132,34381
1031,2018-08-01,1,Category A,1672,1672,3633,33798
1035,2018-08-01,1,Category E,536,524,896,33420
1050,2018-09-01,2,Category E,530,519,928,32000
1049,2018-09-01,2,Category D,821,821,1098,4214
1048,2018-09-01,2,Category C,542,529,921,27104
1047,2018-09-01,2,Category B,1278,1269,1859,31307
1046,2018-09-01,2,Category A,1664,1655,2059,28000
1045,2018-09-01,1,Category E,540,506,1006,31801
1043,2018-09-01,1,Category C,386,381,612,27001
1042,2018-09-01,1,Category B,1274,1268,1959,32001
1041,2018-09-01,1,Category A,1664,1661,2488,30209
1044,2018-09-01,1,Category D,874,867,1213,4390
1058,2018-10-01,2,Category C,350,349,470,29501
1060,2018-10-01,2,Category E,539,527,779,32900
1059,2018-10-01,2,Category D,819,819,1201,3951
1057,2018-10-01,2,Category B,1273,1267,1856,31302
1056,2018-10-01,2,Category A,1674,1672,1811,25556
1054,2018-10-01,1,Category D,827,809,1140,4109
1053,2018-10-01,1,Category C,342,340,522,28501
1052,2018-10-01,1,Category B,1271,1241,1886,31301
1051,2018-10-01,1,Category A,1668,1665,2059,28457
1055,2018-10-01,1,Category E,561,543,1066,32552
1070,2018-11-01,2,Category E,552,546,930,30959
1069,2018-11-01,2,Category D,1103,1093,1423,2989
1067,2018-11-01,2,Category B,1241,1234,1786,31101
1066,2018-11-01,2,Category A,1818,1744,2231,25000
1068,2018-11-01,2,Category C,331,327,580,27509
1064,2018-11-01,1,Category D,1121,1104,1543,2509
1063,2018-11-01,1,Category C,332,332,460,29501
1062,2018-11-01,1,Category B,1265,1262,2142,32302
1061,2018-11-01,1,Category A,1819,1757,2849,28199
1065,2018-11-01,1,Category E,557,544,862,32000
1080,2018-12-01,2,Category E,545,545,778,31809
1071,2018-12-01,1,Category A,1878,1878,2177,23568
1072,2018-12-01,1,Category B,1239,1230,1780,31001
1073,2018-12-01,1,Category C,329,328,489,27009
1074,2018-12-01,1,Category D,1121,1113,1483,3399
1075,2018-12-01,1,Category E,552,546,1021,30851
1076,2018-12-01,2,Category A,1890,1887,2729,25501
1077,2018-12-01,2,Category B,1243,1235,1804,31001
1078,2018-12-01,2,Category C,333,318,503,27001
1079,2018-12-01,2,Category D,1114,1114,1375,3789
1088,2019-01-01,2,Category C,344,342,537,26230
1087,2019-01-01,2,Category B,1244,1230,2119,33989
1090,2019-01-01,2,Category E,540,530,797,33689
1089,2019-01-01,2,Category D,1104,1104,1473,2889
1086,2019-01-01,2,Category A,1818,1818,2864,26170
1085,2019-01-01,1,Category E,546,540,776,32909
1084,2019-01-01,1,Category D,1112,1103,1396,3610
1083,2019-01-01,1,Category C,330,308,472,27002
1082,2019-01-01,1,Category B,1245,1242,1818,32200
1081,2019-01-01,1,Category A,1815,1804,2707,25920
1100,2019-02-01,2,Category E,407,407,658,36667
1099,2019-02-01,2,Category D,826,817,1100,3689
1098,2019-02-01,2,Category C,306,306,433,26914
1097,2019-02-01,2,Category B,1214,1213,1993,35403
1096,2019-02-01,2,Category A,1650,1650,2261,26301
1094,2019-02-01,1,Category D,834,834,1164,3709
1093,2019-02-01,1,Category C,326,324,466,26378
1092,2019-02-01,1,Category B,1202,1169,1937,34509
1091,2019-02-01,1,Category A,1662,1653,2371,25689
1095,2019-02-01,1,Category E,403,392,545,35310
1107,2019-03-01,2,Category B,1201,1195,1878,39401
1110,2019-03-01,2,Category E,397,396,730,41000
1109,2019-03-01,2,Category D,834,825,1039,3469
1108,2019-03-01,2,Category C,304,304,411,27021
1106,2019-03-01,2,Category A,1650,1647,2204,26659
1101,2019-03-01,1,Category A,1659,1653,2213,26309
1104,2019-03-01,1,Category D,825,822,1175,3602
1103,2019-03-01,1,Category C,306,301,443,27010
1102,2019-03-01,1,Category B,1233,1230,1903,36961
1105,2019-03-01,1,Category E,408,405,689,37620
1117,2019-04-01,2,Category B,1205,1181,1634,48000
1120,2019-04-01,2,Category E,398,391,667,52410
1119,2019-04-01,2,Category D,835,834,1129,3452
1118,2019-04-01,2,Category C,304,284,560,32001
1116,2019-04-01,2,Category A,1653,1603,2249,33199
1115,2019-04-01,1,Category E,400,391,648,48209
1114,2019-04-01,1,Category D,829,803,1193,3501
1113,2019-04-01,1,Category C,309,304,431,27589
1112,2019-04-01,1,Category B,1202,1202,1782,43102
1111,2019-04-01,1,Category A,1656,1650,2338,29159
1129,2019-05-01,2,Category D,898,886,1193,3202
1128,2019-05-01,2,Category C,409,406,600,27400
1127,2019-05-01,2,Category B,1163,1161,1407,42564
1126,2019-05-01,2,Category A,1475,1475,1799,27000
1130,2019-05-01,2,Category E,382,375,626,47000
1124,2019-05-01,1,Category D,923,896,1154,3352
1123,2019-05-01,1,Category C,394,394,610,28559
1122,2019-05-01,1,Category B,1139,1139,1360,48010
1121,2019-05-01,1,Category A,1431,1431,1988,36704
1125,2019-05-01,1,Category E,384,379,513,52502
1140,2019-06-01,2,Category E,381,380,536,39400
1139,2019-06-01,2,Category D,909,906,1187,3000
1138,2019-06-01,2,Category C,393,390,607,25501
1137,2019-06-01,2,Category B,1141,1137,1418,35906
1136,2019-06-01,2,Category A,1424,1225,1742,26999
1135,2019-06-01,1,Category E,380,375,724,42002
1133,2019-06-01,1,Category C,389,389,535,25502
1132,2019-06-01,1,Category B,1139,1137,1346,39728
1131,2019-06-01,1,Category A,1424,1417,1902,30009
1134,2019-06-01,1,Category D,925,920,1149,3090
1148,2019-07-01,2,Category C,393,393,657,24599
1150,2019-07-01,2,Category E,375,367,751,39889
1149,2019-07-01,2,Category D,900,897,1193,3554
1147,2019-07-01,2,Category B,1143,1140,1677,39406
1146,2019-07-01,2,Category A,1623,1617,1902,26667
1145,2019-07-01,1,Category E,379,377,523,36901
1144,2019-07-01,1,Category D,902,890,1141,3081
1143,2019-07-01,1,Category C,390,382,649,25089
1142,2019-07-01,1,Category B,1141,1135,1390,34000
1141,2019-07-01,1,Category A,1431,1428,1795,28589
1159,2019-08-01,2,Category D,742,574,1010,4301
1158,2019-08-01,2,Category C,283,283,446,26501
1157,2019-08-01,2,Category B,1045,1043,1415,38602
1156,2019-08-01,2,Category A,1062,1062,1725,31917
1160,2019-08-01,2,Category E,363,353,593,40002
1154,2019-08-01,1,Category D,751,751,1040,4400
1153,2019-08-01,1,Category C,292,273,492,27800
1152,2019-08-01,1,Category B,1047,1043,1487,40001
1151,2019-08-01,1,Category A,1059,1059,2023,32725
1155,2019-08-01,1,Category E,357,353,589,40512
1170,2019-09-01,2,Category E,365,350,632,40000
1169,2019-09-01,2,Category D,907,893,1197,3601
1168,2019-09-01,2,Category C,283,282,544,25556
1167,2019-09-01,2,Category B,1044,1042,1418,37000
1166,2019-09-01,2,Category A,1056,1053,1453,31759
1165,2019-09-01,1,Category E,359,350,552,37912
1163,2019-09-01,1,Category C,302,299,446,25502
1162,2019-09-01,1,Category B,1046,1040,1289,36001
1161,2019-09-01,1,Category A,1056,1056,1656,31783
1164,2019-09-01,1,Category D,739,712,1086,4089
1177,2019-10-01,2,Category B,1044,1037,1503,41805
1180,2019-10-01,2,Category E,369,356,506,42020
1179,2019-10-01,2,Category D,753,746,989,3889
1178,2019-10-01,2,Category C,284,279,439,26001
1175,2019-10-01,1,Category E,364,358,601,41001
1173,2019-10-01,1,Category C,286,286,522,26509
1174,2019-10-01,1,Category D,765,763,1036,3800
1172,2019-10-01,1,Category B,1048,1042,1559,41361
1171,2019-10-01,1,Category A,1057,1033,1659,34001
1176,2019-10-01,2,Category A,1060,1056,1467,32309
1190,2019-11-01,2,Category E,390,383,540,40889
1188,2019-11-01,2,Category C,322,322,495,24502
1187,2019-11-01,2,Category B,1019,1016,1331,39700
1186,2019-11-01,2,Category A,1023,1012,1468,32000
1189,2019-11-01,2,Category D,698,692,974,3921
1184,2019-11-01,1,Category D,693,691,831,4100
1183,2019-11-01,1,Category C,318,318,440,25392
1182,2019-11-01,1,Category B,1017,1016,1296,40009
1181,2019-11-01,1,Category A,1043,1031,1302,30000
1185,2019-11-01,1,Category E,383,376,587,40101
1200,2019-12-01,2,Category E,384,373,496,37989
1191,2019-12-01,1,Category A,1030,1013,1386,33009
1192,2019-12-01,1,Category B,1013,1003,1265,37900
1193,2019-12-01,1,Category C,318,315,402,23704
1194,2019-12-01,1,Category D,693,678,908,3789
1195,2019-12-01,1,Category E,384,377,518,38889
1196,2019-12-01,2,Category A,1029,1013,1256,32889
1197,2019-12-01,2,Category B,1015,1015,1251,36000
1198,2019-12-01,2,Category C,318,307,441,23200
1199,2019-12-01,2,Category D,697,696,850,3658
1208,2020-01-01,2,Category C,329,292,504,25001
1207,2020-01-01,2,Category B,1012,1008,1157,37705
1210,2020-01-01,2,Category E,388,388,528,37500
1209,2020-01-01,2,Category D,693,693,936,4610
1206,2020-01-01,2,Category A,1034,1025,1390,35010
1205,2020-01-01,1,Category E,384,377,541,38000
1204,2020-01-01,1,Category D,707,706,1084,3989
1203,2020-01-01,1,Category C,321,321,457,24402
1202,2020-01-01,1,Category B,1022,1021,1229,37109
1201,2020-01-01,1,Category A,1035,1026,1450,35320
1220,2020-02-01,2,Category E,328,324,550,33301
1219,2020-02-01,2,Category D,577,574,729,4309
1218,2020-02-01,2,Category C,352,219,561,25001
1217,2020-02-01,2,Category B,987,978,1459,32889
1216,2020-02-01,2,Category A,982,973,1564,32999
1214,2020-02-01,1,Category D,578,562,821,4401
1213,2020-02-01,1,Category C,314,314,504,25013
1212,2020-02-01,1,Category B,984,980,1173,30890
1211,2020-02-01,1,Category A,982,977,1204,30010
1215,2020-02-01,1,Category E,335,330,525,34900
1227,2020-03-01,2,Category B,992,943,1366,30012
1230,2020-03-01,2,Category E,331,324,503,32500
1229,2020-03-01,2,Category D,581,576,757,4489
1228,2020-03-01,2,Category C,448,448,708,22002
1226,2020-03-01,2,Category A,982,962,1421,31210
1221,2020-03-01,1,Category A,978,973,1436,32699
1224,2020-03-01,1,Category D,593,587,785,4310
1223,2020-03-01,1,Category C,315,315,504,24202
1222,2020-03-01,1,Category B,987,987,1347,32801
1225,2020-03-01,1,Category E,333,331,512,32500
1237,2020-07-01,2,Category B,1339,1316,2497,35001
1240,2020-07-01,2,Category E,448,438,714,35001
1239,2020-07-01,2,Category D,869,864,1355,6510
1238,2020-07-01,2,Category C,489,482,759,23888
1236,2020-07-01,2,Category A,1304,1290,2485,32699
1235,2020-07-01,1,Category E,444,436,937,34989
1234,2020-07-01,1,Category D,869,856,1611,7702
1233,2020-07-01,1,Category C,489,481,866,24502
1232,2020-07-01,1,Category B,1291,1260,3160,35889
1231,2020-07-01,1,Category A,1289,1286,3061,33520
1249,2020-08-01,2,Category D,495,491,797,7432
1248,2020-08-01,2,Category C,357,356,586,25006
1247,2020-08-01,2,Category B,923,912,1727,38802
1246,2020-08-01,2,Category A,1034,1019,2099,35710
1250,2020-08-01,2,Category E,474,467,764,38110
1244,2020-08-01,1,Category D,503,497,720,7701
1243,2020-08-01,1,Category C,358,354,658,24100
1242,2020-08-01,1,Category B,932,928,1985,37102
1241,2020-08-01,1,Category A,1022,1007,2047,33000
1245,2020-08-01,1,Category E,472,466,784,36502
1260,2020-09-01,2,Category E,471,468,671,41001
1259,2020-09-01,2,Category D,494,492,642,7331
1258,2020-09-01,2,Category C,351,346,591,28589
1257,2020-09-01,2,Category B,912,912,1497,40989
1256,2020-09-01,2,Category A,1034,1031,1540,38504
1255,2020-09-01,1,Category E,470,470,672,40790
1253,2020-09-01,1,Category C,354,350,525,26644
1252,2020-09-01,1,Category B,904,892,1715,41510
1251,2020-09-01,1,Category A,1035,1035,1737,37766
1254,2020-09-01,1,Category D,496,488,691,7399
1268,2020-10-01,2,Category C,316,315,538,33778
1270,2020-10-01,2,Category E,430,373,672,39889
1269,2020-10-01,2,Category D,423,410,560,7300
1267,2020-10-01,2,Category B,793,793,1272,40990
1266,2020-10-01,2,Category A,916,907,1323,37334
1265,2020-10-01,1,Category E,427,426,688,40301
1264,2020-10-01,1,Category D,429,420,677,7451
1263,2020-10-01,1,Category C,316,314,587,33089
1262,2020-10-01,1,Category B,805,800,1218,40690
1261,2020-10-01,1,Category A,912,907,1272,36534
1279,2020-11-01,2,Category D,537,532,679,7300
1278,2020-11-01,2,Category C,369,367,597,30334
1277,2020-11-01,2,Category B,1007,1006,1559,41101
1276,2020-11-01,2,Category A,972,966,1361,37690
1280,2020-11-01,2,Category E,520,512,803,41503
1274,2020-11-01,1,Category D,533,532,727,7251
1273,2020-11-01,1,Category C,370,370,558,31502
1272,2020-11-01,1,Category B,1013,985,1415,39000
1271,2020-11-01,1,Category A,967,952,1262,35990
1275,2020-11-01,1,Category E,464,463,683,39500
1290,2020-12-01,2,Category E,471,469,688,49500
1289,2020-12-01,2,Category D,530,507,710,7689
1288,2020-12-01,2,Category C,369,355,640,35201
1287,2020-12-01,2,Category B,1009,998,1631,49300
1286,2020-12-01,2,Category A,969,966,1403,40556
1285,2020-12-01,1,Category E,464,461,722,45510
1283,2020-12-01,1,Category C,368,363,599,32889
1282,2020-12-01,1,Category B,1035,1019,1712,45012
1281,2020-12-01,1,Category A,978,978,1620,40714
1284,2020-12-01,1,Category D,526,522,767,7670
1297,2021-01-01,2,Category B,1018,1018,1338,50100
1300,2021-01-01,2,Category E,466,458,705,51900
1299,2021-01-01,2,Category D,548,535,706,7589
1298,2021-01-01,2,Category C,381,378,671,40999
1295,2021-01-01,1,Category E,467,463,758,49489
1293,2021-01-01,1,Category C,372,352,679,35900
1294,2021-01-01,1,Category D,529,498,692,7501
1292,2021-01-01,1,Category B,1023,1021,1396,49001
1291,2021-01-01,1,Category A,963,962,1280,40609
1296,2021-01-01,2,Category A,966,946,1309,43501
1310,2021-02-01,2,Category E,304,302,503,47506
1308,2021-02-01,2,Category C,259,223,424,40890
1307,2021-02-01,2,Category B,942,938,1168,46002
1306,2021-02-01,2,Category A,903,900,1226,41001
1309,2021-02-01,2,Category D,554,554,715,7500
1304,2021-02-01,1,Category D,572,572,705,7506
1303,2021-02-01,1,Category C,276,276,510,45001
1302,2021-02-01,1,Category B,943,943,1107,46790
1301,2021-02-01,1,Category A,885,881,1098,42000
1305,2021-02-01,1,Category E,300,300,435,49778
1320,2021-03-01,2,Category E,298,291,430,47806
1311,2021-03-01,1,Category A,887,887,1175,41996
1312,2021-03-01,1,Category B,942,926,1121,45001
1313,2021-03-01,1,Category C,255,248,480,37513
1314,2021-03-01,1,Category D,542,524,707,7752
1315,2021-03-01,1,Category E,296,296,450,47001
1316,2021-03-01,2,Category A,886,879,1186,44589
1317,2021-03-01,2,Category B,946,932,1222,47001
1318,2021-03-01,2,Category C,292,286,507,39589
1319,2021-03-01,2,Category D,542,538,700,7791
1328,2021-04-01,2,Category C,262,256,441,44001
1327,2021-04-01,2,Category B,956,949,1585,61190
1330,2021-04-01,2,Category E,303,295,633,62100
1329,2021-04-01,2,Category D,546,532,734,8000
1326,2021-04-01,2,Category A,890,883,1290,49640
1325,2021-04-01,1,Category E,296,286,635,52200
1324,2021-04-01,1,Category D,560,524,735,8000
1323,2021-04-01,1,Category C,263,263,488,36134
1322,2021-04-01,1,Category B,958,949,1524,52309
1321,2021-04-01,1,Category A,883,880,1212,45600
1339,2021-05-01,2,Category D,628,625,904,8701
1338,2021-05-01,2,Category C,164,83,315,41701
1337,2021-05-01,2,Category B,817,817,1089,58089
1336,2021-05-01,2,Category A,835,834,1209,41801
1340,2021-05-01,2,Category E,266,260,400,62000
1334,2021-05-01,1,Category D,650,639,901,8011
1333,2021-05-01,1,Category C,157,119,261,43001
1332,2021-05-01,1,Category B,819,813,1244,60001
1331,2021-05-01,1,Category A,832,803,1100,48002
1335,2021-05-01,1,Category E,268,268,387,63002
1350,2021-06-01,2,Category E,265,257,519,58001
1349,2021-06-01,2,Category D,618,577,864,8501
1348,2021-06-01,2,Category C,238,229,478,37000
1347,2021-06-01,2,Category B,809,799,983,56032
1346,2021-06-01,2,Category A,830,823,1178,47821
1345,2021-06-01,1,Category E,259,259,331,61112
1343,2021-06-01,1,Category C,195,190,413,37002
1342,2021-06-01,1,Category B,815,784,1107,60109
1341,2021-06-01,1,Category A,858,820,1439,48510
1344,2021-06-01,1,Category D,626,624,776,8703
1358,2021-07-01,2,Category C,166,163,337,39523
1360,2021-07-01,2,Category E,267,266,408,60001
1359,2021-07-01,2,Category D,655,649,863,8689
1357,2021-07-01,2,Category B,819,796,1107,59501
1356,2021-07-01,2,Category A,836,832,1240,47010
1354,2021-07-01,1,Category D,616,612,760,8502
1353,2021-07-01,1,Category C,162,159,340,38900
1352,2021-07-01,1,Category B,840,840,1087,56100
1351,2021-07-01,1,Category A,867,864,1149,45001
1355,2021-07-01,1,Category E,259,257,416,57700
1370,2021-08-01,2,Category E,198,197,408,64901
1369,2021-08-01,2,Category D,451,447,635,9500
1367,2021-08-01,2,Category B,794,793,1065,61001
1366,2021-08-01,2,Category A,806,806,1127,46689
1368,2021-08-01,2,Category C,118,113,220,40010
1364,2021-08-01,1,Category D,449,449,667,8899
1363,2021-08-01,1,Category C,118,111,233,42589
1362,2021-08-01,1,Category B,771,751,980,56001
1361,2021-08-01,1,Category A,805,804,1021,45189
1365,2021-08-01,1,Category E,199,190,288,59599
1380,2021-09-01,2,Category E,198,186,400,70002
1371,2021-09-01,1,Category A,804,790,1124,47000
1372,2021-09-01,1,Category B,791,788,1080,62600
1373,2021-09-01,1,Category C,122,113,211,40001
1374,2021-09-01,1,Category D,445,445,562,9689
1375,2021-09-01,1,Category E,206,190,319,64700
1376,2021-09-01,2,Category A,803,795,1040,48000
1377,2021-09-01,2,Category B,772,768,1189,68310
1378,2021-09-01,2,Category C,120,110,203,39000
1379,2021-09-01,2,Category D,449,443,658,9089
1388,2021-10-01,2,Category C,126,125,252,40501
1387,2021-10-01,2,Category B,774,767,1240,80210
1390,2021-10-01,2,Category E,210,191,391,85000
1389,2021-10-01,2,Category D,450,449,597,9310
1386,2021-10-01,2,Category A,811,806,1304,52709
1385,2021-10-01,1,Category E,214,200,442,72756
1384,2021-10-01,1,Category D,444,438,633,9052
1383,2021-10-01,1,Category C,125,123,233,38890
1382,2021-10-01,1,Category B,774,774,1130,70200
1381,2021-10-01,1,Category A,816,812,1077,47001
1400,2021-11-01,2,Category E,164,133,253,86001
1399,2021-11-01,2,Category D,412,397,557,9381
1398,2021-11-01,2,Category C,91,91,164,43502
1397,2021-11-01,2,Category B,594,585,797,79601
1396,2021-11-01,2,Category A,537,535,706,55001
1394,2021-11-01,1,Category D,417,409,543,9381
1393,2021-11-01,1,Category C,92,89,173,42001
1392,2021-11-01,1,Category B,587,581,839,82801
1391,2021-11-01,1,Category A,536,531,834,53709
1395,2021-11-01,1,Category E,159,155,257,88000
1407,2021-12-01,2,Category B,595,590,829,80989
1410,2021-12-01,2,Category E,177,177,241,83889
1409,2021-12-01,2,Category D,426,422,562,9601
1408,2021-12-01,2,Category C,90,89,150,44000
1406,2021-12-01,2,Category A,534,534,740,58801
1401,2021-12-01,1,Category A,536,525,771,57010
1404,2021-12-01,1,Category D,420,400,584,9401
1403,2021-12-01,1,Category C,93,93,147,45000
1402,2021-12-01,1,Category B,593,593,822,80401
1405,2021-12-01,1,Category E,149,145,245,85000
1417,2022-01-01,2,Category B,592,583,907,82001
1420,2022-01-01,2,Category E,145,145,226,83911
1419,2022-01-01,2,Category D,416,401,520,10000
1418,2022-01-01,2,Category C,91,91,149,43001
1416,2022-01-01,2,Category A,531,526,711,57898
1415,2022-01-01,1,Category E,149,149,193,82501
1414,2022-01-01,1,Category D,431,429,573,9689
1413,2022-01-01,1,Category C,90,87,198,42200
1412,2022-01-01,1,Category B,587,586,712,77700
1411,2022-01-01,1,Category A,543,533,760,57599
1429,2022-02-01,2,Category D,420,416,521,10589
1428,2022-02-01,2,Category C,76,61,194,46501
1427,2022-02-01,2,Category B,559,554,939,93590
1426,2022-02-01,2,Category A,536,524,876,63000
1430,2022-02-01,2,Category E,180,180,300,93102
1424,2022-02-01,1,Category D,406,405,555,10010
1423,2022-02-01,1,Category C,80,80,149,44001
1422,2022-02-01,1,Category B,550,549,865,86102
1421,2022-02-01,1,Category A,542,542,819,60761
1425,2022-02-01,1,Category E,180,171,269,87000
1440,2022-03-01,2,Category E,180,177,344,99010
1439,2022-03-01,2,Category D,409,409,575,10501
1438,2022-03-01,2,Category C,91,91,166,51504
1437,2022-03-01,2,Category B,555,545,824,98889
1436,2022-03-01,2,Category A,543,542,849,71556
1435,2022-03-01,1,Category E,190,190,318,98890
1433,2022-03-01,1,Category C,76,67,199,48889
1432,2022-03-01,1,Category B,551,551,860,94889
1431,2022-03-01,1,Category A,531,526,962,68501
1434,2022-03-01,1,Category D,405,403,602,11400
1447,2022-04-01,2,Category B,560,559,687,90002
1449,2022-04-01,2,Category D,404,355,539,9801
1448,2022-04-01,2,Category C,76,76,181,52002
1446,2022-04-01,2,Category A,532,519,744,68699
1450,2022-04-01,2,Category E,184,182,295,95801
1444,2022-04-01,1,Category D,407,405,561,10503
1443,2022-04-01,1,Category C,85,84,210,54901
1442,2022-04-01,1,Category B,550,550,708,98389
1441,2022-04-01,1,Category A,536,536,723,72996
1445,2022-04-01,1,Category E,180,174,290,99999
1459,2022-05-01,2,Category D,609,600,899,9490
1458,2022-05-01,2,Category C,103,103,220,51501
1457,2022-05-01,2,Category B,528,523,709,95889
1456,2022-05-01,2,Category A,625,623,819,68001
1460,2022-05-01,2,Category E,191,187,309,95901
1454,2022-05-01,1,Category D,563,560,773,9489
1453,2022-05-01,1,Category C,104,100,184,50890
1452,2022-05-01,1,Category B,527,526,699,92090
1451,2022-05-01,1,Category A,612,612,804,70901
1455,2022-05-01,1,Category E,195,195,283,91112
1470,2022-06-01,2,Category E,194,190,276,104400
1469,2022-06-01,2,Category D,570,570,717,10302
1468,2022-06-01,2,Category C,103,103,224,53011
1467,2022-06-01,2,Category B,531,531,822,106001
1466,2022-06-01,2,Category A,614,598,850,74989
1465,2022-06-01,1,Category E,190,185,316,100697
1463,2022-06-01,1,Category C,107,107,203,53002
1462,2022-06-01,1,Category B,528,528,851,100684
1461,2022-06-01,1,Category A,612,607,874,73801
1464,2022-06-01,1,Category D,563,542,859,10000
1477,2022-07-01,2,Category B,527,526,702,110003
1480,2022-07-01,2,Category E,194,194,317,114001
1479,2022-07-01,2,Category D,561,555,723,10910
1478,2022-07-01,2,Category C,102,98,174,54889
1476,2022-07-01,2,Category A,628,620,834,78899
1475,2022-07-01,1,Category E,195,191,340,110524
1474,2022-07-01,1,Category D,582,513,768,10889
1473,2022-07-01,1,Category C,102,91,160,54001
1472,2022-07-01,1,Category B,527,522,695,107800
1471,2022-07-01,1,Category A,617,606,900,78001
1490,2022-08-01,2,Category E,163,151,273,112001
1489,2022-08-01,2,Category D,510,502,673,11101
1488,2022-08-01,2,Category C,87,87,196,59090
1487,2022-08-01,2,Category B,471,470,665,112001
1486,2022-08-01,2,Category A,551,551,835,87889
1484,2022-08-01,1,Category D,573,562,696,11000
1483,2022-08-01,1,Category C,95,93,168,56089
1482,2022-08-01,1,Category B,474,474,612,107001
1481,2022-08-01,1,Category A,554,541,689,80000
1485,2022-08-01,1,Category E,167,165,293,113000
1497,2022-09-01,2,Category B,471,471,553,108051
1500,2022-09-01,2,Category E,176,176,297,107201
1499,2022-09-01,2,Category D,512,500,658,11589
1498,2022-09-01,2,Category C,83,75,157,67001
1496,2022-09-01,2,Category A,543,527,759,84000
1491,2022-09-01,1,Category A,556,535,723,86000
1494,2022-09-01,1,Category D,515,514,588,11301
1493,2022-09-01,1,Category C,85,84,179,64989
1492,2022-09-01,1,Category B,470,466,627,113000
1495,2022-09-01,1,Category E,165,150,260,113299
1507,2022-10-01,2,Category B,470,463,848,110000
1510,2022-10-01,2,Category E,164,160,285,108003
1509,2022-10-01,2,Category D,516,511,632,12801
1508,2022-10-01,2,Category C,91,86,297,70201
1506,2022-10-01,2,Category A,559,558,714,81089
1505,2022-10-01,1,Category E,179,179,232,105001
1504,2022-10-01,1,Category D,505,504,624,11751
1503,2022-10-01,1,Category C,84,83,148,65991
1502,2022-10-01,1,Category B,474,472,635,95856
1501,2022-10-01,1,Category A,564,561,724,80501
1519,2022-11-01,2,Category D,445,420,594,12589
1518,2022-11-01,2,Category C,73,73,122,81802
1517,2022-11-01,2,Category B,416,416,568,113881
1516,2022-11-01,2,Category A,459,444,622,90589
1520,2022-11-01,2,Category E,150,149,242,114009
1514,2022-11-01,1,Category D,441,440,537,13189
1513,2022-11-01,1,Category C,70,69,147,76302
1512,2022-11-01,1,Category B,411,393,640,115388
1511,2022-11-01,1,Category A,460,460,687,87235
1515,2022-11-01,1,Category E,146,143,283,116577
1530,2022-12-01,2,Category E,146,143,273,109600
1529,2022-12-01,2,Category D,465,461,647,11690
1528,2022-12-01,2,Category C,69,60,147,78200
1527,2022-12-01,2,Category B,409,409,564,108006
1526,2022-12-01,2,Category A,473,472,618,88007
1525,2022-12-01,1,Category E,149,148,266,110524
1523,2022-12-01,1,Category C,69,68,118,81501
1522,2022-12-01,1,Category B,427,426,568,105501
1521,2022-12-01,1,Category A,458,454,616,88503
1524,2022-12-01,1,Category D,441,437,544,12100
1538,2023-01-01,2,Category C,78,74,182,77109
1540,2023-01-01,2,Category E,149,147,248,107000
1539,2023-01-01,2,Category D,445,431,572,11101
1537,2023-01-01,2,Category B,408,402,514,105459
1536,2023-01-01,2,Category A,459,456,627,86000
1534,2023-01-01,1,Category D,445,432,678,10890
1533,2023-01-01,1,Category C,70,70,183,77301
1532,2023-01-01,1,Category B,410,410,487,102002
1531,2023-01-01,1,Category A,462,459,649,80000
1535,2023-01-01,1,Category E,146,146,285,107889
1550,2023-02-01,2,Category E,132,129,274,118001
1549,2023-02-01,2,Category D,479,453,611,12189
1547,2023-02-01,2,Category B,436,401,768,115001
1546,2023-02-01,2,Category A,508,504,702,86556
1548,2023-02-01,2,Category C,47,40,136,87790
1544,2023-02-01,1,Category D,477,475,594,11602
1543,2023-02-01,1,Category C,44,44,108,85119
1542,2023-02-01,1,Category B,430,430,580,105524
1541,2023-02-01,1,Category A,509,497,663,86000
1545,2023-02-01,1,Category E,129,126,229,105002
1560,2023-03-01,2,Category E,132,125,265,116020
1551,2023-03-01,1,Category A,517,507,665,88000
1552,2023-03-01,1,Category B,431,431,629,115501
1553,2023-03-01,1,Category C,43,39,65,91101
1554,2023-03-01,1,Category D,467,465,566,12390
1555,2023-03-01,1,Category E,132,128,254,116000
1556,2023-03-01,2,Category A,510,508,768,93503
1557,2023-03-01,2,Category B,466,466,670,116201
1558,2023-03-01,2,Category C,50,42,107,85389
1559,2023-03-01,2,Category D,490,490,616,12001
1568,2023-04-01,2,Category C,51,47,116,75334
1567,2023-04-01,2,Category B,430,403,553,120889
1570,2023-04-01,2,Category E,137,136,252,124501
1569,2023-04-01,2,Category D,465,436,510,12179
1566,2023-04-01,2,Category A,507,489,750,103721
1565,2023-04-01,1,Category E,134,133,252,118990
1564,2023-04-01,1,Category D,466,454,529,12001
1563,2023-04-01,1,Category C,47,47,103,76801
1562,2023-04-01,1,Category B,430,414,566,118501
1561,2023-04-01,1,Category A,515,508,749,96501
1579,2023-05-01,2,Category D,571,562,"1,438",10602
1578,2023-05-01,2,Category C,72,70,148,77501
1577,2023-05-01,2,Category B,480,480,713,113034
1576,2023-05-01,2,Category A,596,588,936,92000
1580,2023-05-01,2,Category E,125,104,301,125000
1574,2023-05-01,1,Category D,554,542,670,5002
1573,2023-05-01,1,Category C,68,68,109,75589
1572,2023-05-01,1,Category B,410,410,513,119399
1571,2023-05-01,1,Category A,474,472,663,101001
1575,2023-05-01,1,Category E,125,125,271,124002
1590,2023-06-01,2,Category E,145,140,312,123000
1589,2023-06-01,2,Category D,551,543,796,10709
1588,2023-06-01,2,Category C,71,71,178,83140
1587,2023-06-01,2,Category B,454,446,622,121000
1586,2023-06-01,2,Category A,586,583,751,96206
1585,2023-06-01,1,Category E,124,118,280,120889
1583,2023-06-01,1,Category C,68,60,151,81801
1582,2023-06-01,1,Category B,454,437,719,120702
1581,2023-06-01,1,Category A,581,571,881,98001
1584,2023-06-01,1,Category D,555,519,972,11001
1598,2023-07-01,2,Category C,69,69,133,82001
1600,2023-07-01,2,Category E,129,128,243,122110
1599,2023-07-01,2,Category D,551,550,840,10501
1597,2023-07-01,2,Category B,462,453,602,118001
1596,2023-07-01,2,Category A,581,576,728,95202
1594,2023-07-01,1,Category D,579,550,846,10090
1593,2023-07-01,1,Category C,77,69,147,82223
1592,2023-07-01,1,Category B,471,470,594,118002
1591,2023-07-01,1,Category A,588,587,756,97000
1595,2023-07-01,1,Category E,130,119,217,121000
1610,2023-08-01,2,Category E,131,107,237,131000
1609,2023-08-01,2,Category D,495,486,654,11402
1607,2023-08-01,2,Category B,478,451,731,129890
1606,2023-08-01,2,Category A,636,616,908,100000
1608,2023-08-01,2,Category C,114,114,180,82801
1604,2023-08-01,1,Category D,522,443,759,11501
1603,2023-08-01,1,Category C,122,121,222,82100
1602,2023-08-01,1,Category B,470,469,853,126889
1601,2023-08-01,1,Category A,632,618,949,99499
1605,2023-08-01,1,Category E,140,140,237,126201
1620,2023-09-01,2,Category E,153,144,282,144640
1611,2023-09-01,1,Category A,645,640,840,101000
1612,2023-09-01,1,Category B,470,466,723,134889
1613,2023-09-01,1,Category C,115,115,182,82889
1614,2023-09-01,1,Category D,573,569,758,10901
1615,2023-09-01,1,Category E,130,120,219,137000
1616,2023-09-01,2,Category A,651,635,864,105000
1617,2023-09-01,2,Category B,496,494,735,140889
1618,2023-09-01,2,Category C,114,114,153,83801
1619,2023-09-01,2,Category D,502,494,639,10700
1628,2023-10-01,2,Category C,114,112,186,84790
1627,2023-10-01,2,Category B,472,458,623,150001
1630,2023-10-01,2,Category E,138,127,228,158004
1629,2023-10-01,2,Category D,502,474,632,11201
1626,2023-10-01,2,Category A,797,791,"1,028",106000
1625,2023-10-01,1,Category E,140,140,261,152000
1624,2023-10-01,1,Category D,497,494,661,10856
1623,2023-10-01,1,Category C,114,112,191,85900
1622,2023-10-01,1,Category B,474,472,643,146002
1621,2023-10-01,1,Category A,785,779,"1,039",104000
1640,2023-11-01,2,Category E,151,144,323,135002
1639,2023-11-01,2,Category D,545,518,702,10001
1638,2023-11-01,2,Category C,190,186,368,73889
1637,2023-11-01,2,Category B,648,638,1228,135336
1636,2023-11-01,2,Category A,925,925,1291,85001
1634,2023-11-01,1,Category D,520,512,630,10889
1633,2023-11-01,1,Category C,190,186,281,78001
1632,2023-11-01,1,Category B,636,631,830,110001
1631,2023-11-01,1,Category A,924,915,1165,95689
1635,2023-11-01,1,Category E,141,136,227,125011
1647,2023-12-01,2,Category B,643,619,847,110001
1650,2023-12-01,2,Category E,147,147,228,118388
1649,2023-12-01,2,Category D,546,545,646,9002
1648,2023-12-01,2,Category C,192,189,359,69423
1646,2023-12-01,2,Category A,919,915,"1,166",85000
1641,2023-12-01,1,Category A,928,923,"1,233",88020
1644,2023-12-01,1,Category D,529,527,731,9858
1643,2023-12-01,1,Category C,193,188,346,71001
1642,2023-12-01,1,Category B,638,638,933,130100
1645,2023-12-01,1,Category E,145,136,287,133388
1657,2024-01-01,2,Category B,657,657,"1,308",112000
1660,2024-01-01,2,Category E,140,136,267,109004
1659,2024-01-01,2,Category D,520,491,615,9309
1658,2024-01-01,2,Category C,191,187,394,68001
1656,2024-01-01,2,Category A,923,921,"1,880",81589
1655,2024-01-01,1,Category E,149,140,263,106388
1654,2024-01-01,1,Category D,523,514,666,9114
1653,2024-01-01,1,Category C,193,192,340,67599
1652,2024-01-01,1,Category B,633,628,850,85010
1651,2024-01-01,1,Category A,924,920,"1,184",65010
1669,2024-02-01,2,Category D,548,548,689,8911
1668,2024-02-01,2,Category C,199,192,374,73001
1667,2024-02-01,2,Category B,649,642,"1,034",97000
1666,2024-02-01,2,Category A,937,936,"1,909",76801
1670,2024-02-01,2,Category E,158,156,271,94006
1664,2024-02-01,1,Category D,530,528,717,9290
1663,2024-02-01,1,Category C,196,191,366,72001
1662,2024-02-01,1,Category B,655,596,"1,163",102338
1661,2024-02-01,1,Category A,938,910,"1,931",79000
1665,2024-02-01,1,Category E,163,159,305,100101
1680,2024-03-01,2,Category E,157,157,256,95856
1679,2024-03-01,2,Category D,521,516,629,9689
1678,2024-03-01,2,Category C,202,202,313,70112
1677,2024-03-01,2,Category B,656,615,"1,066",96011
1676,2024-03-01,2,Category A,936,935,"1,922",85489
1675,2024-03-01,1,Category E,159,150,282,95010
1673,2024-03-01,1,Category C,200,198,303,75599
1672,2024-03-01,1,Category B,708,704,"1,073",96010
1671,2024-03-01,1,Category A,963,923,"1,866",83000
1674,2024-03-01,1,Category D,520,518,646,9400
1687,2024-04-01,2,Category B,690,690,"1,008",102001
1689,2024-04-01,2,Category D,522,514,625,9990
1688,2024-04-01,2,Category C,195,193,332,68502
1686,2024-04-01,2,Category A,936,916,"1,390",94010
1690,2024-04-01,2,Category E,155,151,269,103249
1684,2024-04-01,1,Category D,520,510,610,10000
1683,2024-04-01,1,Category C,197,196,365,67501
1682,2024-04-01,1,Category B,653,645,"1,208",101334
1681,2024-04-01,1,Category A,975,970,"1,922",89000
1685,2024-04-01,1,Category E,164,161,333,101002
1699,2024-05-01,2,Category D,526,523,604,9311
1698,2024-05-01,2,Category C,207,198,382,72001
1697,2024-05-01,2,Category B,658,641,"1,099",105689
1696,2024-05-01,2,Category A,983,980,"1,444",92700
1700,2024-05-01,2,Category E,178,176,295,105002
1694,2024-05-01,1,Category D,528,528,630,9503
1693,2024-05-01,1,Category C,206,181,350,70001
1692,2024-05-01,1,Category B,666,638,"1,237",105002
1691,2024-05-01,1,Category A,968,968,"1,632",93604
1695,2024-05-01,1,Category E,177,169,317,104689
1710,2024-06-01,2,Category E,177,175,301,100000
1709,2024-06-01,2,Category D,520,519,620,9002
1708,2024-06-01,2,Category C,214,206,291,69900
1707,2024-06-01,2,Category B,674,670,"1,046",102334
1706,2024-06-01,2,Category A,966,955,"1,403",90889
1705,2024-06-01,1,Category E,183,182,319,101600
1703,2024-06-01,1,Category C,230,222,334,70589
1702,2024-06-01,1,Category B,685,671,974,100607
1701,2024-06-01,1,Category A,962,957,"1,467",88200
1704,2024-06-01,1,Category D,519,519,628,8989
1717,2024-07-01,2,Category B,661,639,891,100000
1720,2024-07-01,2,Category E,177,177,300,100341
1719,2024-07-01,2,Category D,518,512,591,9089
1718,2024-07-01,2,Category C,214,214,355,70601
1716,2024-07-01,2,Category A,973,972,"1,342",91899
1715,2024-07-01,1,Category E,176,170,309,100889
1714,2024-07-01,1,Category D,517,517,571,8900
1713,2024-07-01,1,Category C,214,213,325,70001
1712,2024-07-01,1,Category B,671,671,896,100901
1711,2024-07-01,1,Category A,967,932,"1,429",91001
1730,2024-08-01,2,Category E,173,168,350,106001
1729,2024-08-01,2,Category D,523,522,614,9310
1728,2024-08-01,2,Category C,216,215,333,72400
1727,2024-08-01,2,Category B,686,686,985,105889
1726,2024-08-01,2,Category A,978,966,"1,314",93900
1724,2024-08-01,1,Category D,517,513,599,9601
1723,2024-08-01,1,Category C,218,218,312,71100
1722,2024-08-01,1,Category B,663,662,"1,150",106101
1721,2024-08-01,1,Category A,1013,"1,007","1,570",94289
1725,2024-08-01,1,Category E,178,175,322,105239
1737,2024-09-01,2,Category B,663,656,879,110001
1740,2024-09-01,2,Category E,177,173,383,113104
1739,2024-09-01,2,Category D,520,516,636,9900
1738,2024-09-01,2,Category C,217,212,318,74000
1736,2024-09-01,2,Category A,990,909,"1,377",98524
1731,2024-09-01,1,Category A,983,966,"1,308",96490
1734,2024-09-01,1,Category D,522,520,622,9801
1733,2024-09-01,1,Category C,216,215,324,74001
1732,2024-09-01,1,Category B,665,657,924,106300
1735,2024-09-01,1,Category E,176,166,388,106901
1747,2024-10-01,2,Category B,670,669,975,113890
1750,2024-10-01,2,Category E,177,177,327,114700
1749,2024-10-01,2,Category D,522,515,626,9589
1748,2024-10-01,2,Category C,222,222,337,72939
1746,2024-10-01,2,Category A,1058,"1,048","1,499",102900
1745,2024-10-01,1,Category E,182,171,346,116000
1744,2024-10-01,1,Category D,520,519,604,10001
1743,2024-10-01,1,Category C,218,216,321,75009
1742,2024-10-01,1,Category B,671,652,"1,084",116002
1741,2024-10-01,1,Category A,994,986,"1,604",103799
1760,2024-11-01,2,Category E,179,176,298,107501
1759,2024-11-01,2,Category D,524,524,637,8669
1758,2024-11-01,2,Category C,235,214,378,69000
1757,2024-11-01,2,Category B,678,678,874,105081
1756,2024-11-01,2,Category A,1041,"1,038","1,320",89889
1754,2024-11-01,1,Category D,520,520,598,9089
1753,2024-11-01,1,Category C,236,209,365,68340
1752,2024-11-01,1,Category B,696,683,"1,039",108001
1751,2024-11-01,1,Category A,1040,"1,035","1,338",99889
1755,2024-11-01,1,Category E,189,189,321,109000
1767,2024-12-01,2,Category B,676,667,987,109000
1770,2024-12-01,2,Category E,182,170,330,108992
1769,2024-12-01,2,Category D,519,504,641,8381
1768,2024-12-01,2,Category C,255,255,400,69890
1766,2024-12-01,2,Category A,1035,998,"1,506",96000
1761,2024-12-01,1,Category A,1037,"1,034","1,475",94000
1764,2024-12-01,1,Category D,517,516,570,7878
1763,2024-12-01,1,Category C,262,249,418,70289
1762,2024-12-01,1,Category B,689,689,866,103010
1765,2024-12-01,1,Category E,179,167,326,104001
1777,2025-01-01,2,Category B,686,686,"1,071",116625
1780,2025-01-01,2,Category E,190,190,326,115112
1779,2025-01-01,2,Category D,536,530,651,7721
1778,2025-01-01,2,Category C,234,233,373,65476
1776,2025-01-01,2,Category A,1069,"1,058","1,484",93601
1775,2025-01-01,1,Category E,191,190,415,123000
1774,2025-01-01,1,Category D,520,513,595,9001
1773,2025-01-01,1,Category C,248,246,364,67891
1772,2025-01-01,1,Category B,677,674,"1,266",121501
1771,2025-01-01,1,Category A,1034,"1,034","1,381",93699
1789,2025-02-01,2,Category D,524,517,645,8791
1788,2025-02-01,2,Category C,259,240,430,65189
1787,2025-02-01,2,Category B,744,741,"1,135",109598
1786,2025-02-01,2,Category A,1149,"1,149","2,290",92850
1790,2025-02-01,2,Category E,198,197,367,110002
1784,2025-02-01,1,Category D,524,523,718,8289
1783,2025-02-01,1,Category C,260,256,394,62506
1782,2025-02-01,1,Category B,748,727,"1,007",111104
1781,2025-02-01,1,Category A,1138,"1,132","1,446",85000
1785,2025-02-01,1,Category E,199,195,369,110000
1800,2025-03-01,2,Category E,198,196,382,116991
1799,2025-03-01,2,Category D,525,525,626,9511
1798,2025-03-01,2,Category C,277,275,469,70089
1797,2025-03-01,2,Category B,747,747,"1,196",116890
1796,2025-03-01,2,Category A,1138,"1,137","1,951",94502
1795,2025-03-01,1,Category E,202,200,403,112901
1793,2025-03-01,1,Category C,262,253,413,67001
1792,2025-03-01,1,Category B,765,749,"1,208",113000
1791,2025-03-01,1,Category A,1144,"1,144","2,034",92730
1794,2025-03-01,1,Category D,519,519,624,9201
1807,2025-04-01,2,Category B,744,744,"1,098",117003
1809,2025-04-01,2,Category D,519,518,660,9309
1808,2025-04-01,2,Category C,260,260,399,65001
1806,2025-04-01,2,Category A,1139,"1,124","2,121",99500
1810,2025-04-01,2,Category E,200,195,406,118001
1804,2025-04-01,1,Category D,517,515,603,9889
1803,2025-04-01,1,Category C,267,267,382,68782
1802,2025-04-01,1,Category B,760,729,"1,200",117899
1801,2025-04-01,1,Category A,1138,"1,122","2,162",97724
1805,2025-04-01,1,Category E,200,195,390,117002
1819,2025-05-01,2,Category D,534,532,655,8707
1818,2025-05-01,2,Category C,271,271,382,63189
1817,2025-05-01,2,Category B,782,779,"1,093",116988
1816,2025-05-01,2,Category A,1267,"1,265","1,915",102501
1820,2025-05-01,2,Category E,206,185,387,118010
1814,2025-05-01,1,Category D,536,532,676,8709
1813,2025-05-01,1,Category C,271,266,386,62590
1812,2025-05-01,1,Category B,813,800,"1,210",119890
1811,2025-05-01,1,Category A,1267,"1,244","2,240",103009
1815,2025-05-01,1,Category E,207,206,384,118889
1830,2025-06-01,2,Category E,223,214,399,116889
1829,2025-06-01,2,Category D,535,528,605,8600
1828,2025-06-01,2,Category C,271,270,393,65000
1827,2025-06-01,2,Category B,784,781,"1,163",116670
1826,2025-06-01,2,Category A,1254,"1,253","1,647",98124
1825,2025-06-01,1,Category E,202,191,363,113900
1823,2025-06-01,1,Category C,276,256,386,62000
1822,2025-06-01,1,Category B,795,795,974,113000
1821,2025-06-01,1,Category A,1275,"1,274","1,691",96999
1824,2025-06-01,1,Category D,538,538,631,9000
1837,2025-07-01,2,Category B,784,782,"1,148",119101
1840,2025-07-01,2,Category E,211,210,431,120000
1839,2025-07-01,2,Category D,540,534,622,9511
1838,2025-07-01,2,Category C,271,271,405,68600
1836,2025-07-01,2,Category A,1253,"1,253","1,874",101102
1835,2025-07-01,1,Category E,212,207,384,118500
1834,2025-07-01,1,Category D,533,533,629,9389
1833,2025-07-01,1,Category C,291,275,432,66689
1832,2025-07-01,1,Category B,781,781,"1,199",119600
1831,2025-07-01,1,Category A,1253,"1,250","1,918",101102
1849,2025-08-01,2,Category D,540,535,654,8809
1848,2025-08-01,2,Category C,273,271,472,72190
1847,2025-08-01,2,Category B,792,789,"1,221",124400
1846,2025-08-01,2,Category A,1264,"1,257","1,922",104524
1850,2025-08-01,2,Category E,257,257,491,125001
1844,2025-08-01,1,Category D,533,526,633,9189
1843,2025-08-01,1,Category C,290,281,422,70001
1842,2025-08-01,1,Category B,789,789,"1,271",123498
1841,2025-08-01,1,Category A,1268,"1,257","1,755",102009
1845,2025-08-01,1,Category E,261,261,511,122334
1860,2025-09-01,2,Category E,256,252,540,140502
1859,2025-09-01,2,Category D,539,539,617,9209
1858,2025-09-01,2,Category C,276,274,413,72501
1857,2025-09-01,2,Category B,792,772,"1,273",136890
1856,2025-09-01,2,Category A,1272,"1,266","2,521",119003
1855,2025-09-01,1,Category E,256,254,489,127901
1853,2025-09-01,1,Category C,283,282,401,71556
1852,2025-09-01,1,Category B,790,750,"1,186",127501
1851,2025-09-01,1,Category A,1275,"1,271","1,844",107889
1854,2025-09-01,1,Category D,540,540,633,9101
1867,2025-10-01,2,Category B,809,800,977,131889
1869,2025-10-01,2,Category D,533,528,598,9389
1868,2025-10-01,2,Category C,276,276,427,76801
1866,2025-10-01,2,Category A,1270,"1,262","1,968",122000
1870,2025-10-01,2,Category E,261,260,414,136000
1864,2025-10-01,1,Category D,533,528,630,9810
1863,2025-10-01,1,Category C,274,273,424,74301
1862,2025-10-01,1,Category B,830,828,"1,202",141000
1861,2025-10-01,1,Category A,1268,"1,239","2,572",128105
1865,2025-10-01,1,Category E,259,251,472,140009
1879,2025-11-01,2,Category D,538,535,595,8729
1878,2025-11-01,2,Category C,282,278,406,76389
1877,2025-11-01,2,Category B,806,765,"1,514",129890
1876,2025-11-01,2,Category A,1285,"1,279","1,587",109000
1880,2025-11-01,2,Category E,276,275,466,125001
1874,2025-11-01,1,Category D,538,537,631,8600
1873,2025-11-01,1,Category C,283,279,434,76000
1872,2025-11-01,1,Category B,800,795,953,115001
1871,2025-11-01,1,Category A,1306,"1,303","1,682",110002
1875,2025-11-01,1,Category E,282,266,467,121010
1890,2025-12-01,2,Category E,276,252,455,119000
1889,2025-12-01,2,Category D,536,532,632,8081
1888,2025-12-01,2,Category C,286,285,407,77003
1887,2025-12-01,2,Category B,838,832,968,115102
1886,2025-12-01,2,Category A,1283,"1,259","1,647",109501
1885,2025-12-01,1,Category E,291,288,544,123000
1883,2025-12-01,1,Category C,286,281,370,76501
1882,2025-12-01,1,Category B,802,775,"1,096",123900
1881,2025-12-01,1,Category A,1280,"1,272","1,557",105413
1884,2025-12-01,1,Category D,534,523,627,8289
1897,2026-01-01,2,Category B,803,800,"1,207",121634
1899,2026-01-01,2,Category D,538,523,609,8860
1898,2026-01-01,2,Category C,283,280,434,75202
1896,2026-01-01,2,Category A,1301,"1,277","2,303",109501
1900,2026-01-01,2,Category E,299,299,426,120891
1894,2026-01-01,1,Category D,544,527,639,8689
1891,2026-01-01,1,Category A,1285,"1,284","1,658",102009
1895,2026-01-01,1,Category E,278,247,528,122000
1893,2026-01-01,1,Category C,287,286,394,75503
1892,2026-01-01,1,Category B,824,821,"1,128",119100
1910,2026-02-01,2,Category E,239,232,571,112890
1909,2026-02-01,2,Category D,548,535,665,7989
1908,2026-02-01,2,Category C,294,294,502,74999
1906,2026-02-01,2,Category A,1289,"1,289","1,975",106501
1907,2026-02-01,2,Category B,813,812,"1,353",105001
1904,2026-02-01,1,Category D,550,538,645,8289
1903,2026-02-01,1,Category C,292,292,420,74801
1902,2026-02-01,1,Category B,813,809,966,110890
1901,2026-02-01,1,Category A,1265,"1,261","1,982",106320
1905,2026-02-01,1,Category E,271,265,462,116000
1920,2026-03-01,2,Category E,246,244,422,118119
1919,2026-03-01,2,Category D,546,516,726,9589
1918,2026-03-01,2,Category C,290,290,438,78000
1917,2026-03-01,2,Category B,812,812,"1,185",115568
1916,2026-03-01,2,Category A,1264,"1,263","1,895",111890
1915,2026-03-01,1,Category E,245,239,514,114890
1913,2026-03-01,1,Category C,290,285,488,76000
1912,2026-03-01,1,Category B,815,815,"1,261",114002
1911,2026-03-01,1,Category A,1268,"1,267","1,762",108220
1914,2026-03-01,1,Category D,545,544,643,8602
1930,2026-04-01,2,Category E,241,239,494,125002
1929,2026-04-01,2,Category D,563,563,684,9290
1928,2026-04-01,2,Category C,290,288,494,83501
1927,2026-04-01,2,Category B,811,810,"1,194",121001
1926,2026-04-01,2,Category A,1265,"1,265","2,410",123010
1924,2026-04-01,1,Category D,534,531,657,10000
1923,2026-04-01,1,Category C,295,292,539,80001
1922,2026-04-01,1,Category B,811,796,"1,406",121000
1921,2026-04-01,1,Category A,1265,"1,203","2,537",118000
1925,2026-04-01,1,Category E,245,245,475,121001
1934,2026-05-01,1,Category D,529,527,649,9452
1931,2026-05-01,1,Category A,1301,"1,294","2,071",124790
1932,2026-05-01,1,Category B,883,861,"1,332",126236
1933,2026-05-01,1,Category C,293,291,511,87479
1935,2026-05-01,1,Category E,254,248,479,127700
